EvaluationIndex,LevelIndex,Score,LevelStatus,birdsRemaining,pigsRemaining,birdsAtStart,pigsAtStart, trial,levelName,playStatus,informed,novelty,noveltyDetected
1,1,5000,Pass,0,0,1,1,1,E:\Novelty Benchmark Human Evaluation\LevelSet4\Science Birds_Data\StreamingAssets\Levels\novelty_level_0\type010201/Levels/00215_0_1_010201_0_1.xml,training,informed,basic,no
2,2,5000,Pass,0,0,1,1,1,E:\Novelty Benchmark Human Evaluation\LevelSet4\Science Birds_Data\StreamingAssets\Levels\novelty_level_0\type010201/Levels/00051_0_1_010201_0_1.xml,training,informed,basic,no
3,3,5000,Pass,0,0,1,1,1,E:\Novelty Benchmark Human Evaluation\LevelSet4\Science Birds_Data\StreamingAssets\Levels\novelty_level_0\type010201/Levels/00075_0_1_010201_0_1.xml,training,informed,basic,no
4,4,5190,Pass,0,0,1,1,1,E:\Novelty Benchmark Human Evaluation\LevelSet4\Science Birds_Data\StreamingAssets\Levels\novelty_level_0\type010201/Levels/00318_0_1_010201_0_1.xml,training,informed,basic,no
5,5,5000,Pass,0,0,1,1,1,E:\Novelty Benchmark Human Evaluation\LevelSet4\Science Birds_Data\StreamingAssets\Levels\novelty_level_2\type010201/Levels/00218_0_1_010201_2_1.xml,training,informed,novel,yes
6,6,5000,Pass,0,0,1,1,1,E:\Novelty Benchmark Human Evaluation\LevelSet4\Science Birds_Data\StreamingAssets\Levels\novelty_level_2\type010201/Levels/00034_0_1_010201_2_1.xml,training,informed,novel,yes
7,7,5000,Pass,0,0,1,1,1,E:\Novelty Benchmark Human Evaluation\LevelSet4\Science Birds_Data\StreamingAssets\Levels\novelty_level_2\type010201/Levels/00158_0_1_010201_2_1.xml,training,informed,novel,yes
8,8,5000,Pass,0,0,1,1,1,E:\Novelty Benchmark Human Evaluation\LevelSet4\Science Birds_Data\StreamingAssets\Levels\novelty_level_2\type010201/Levels/00337_0_1_010201_2_1.xml,training,informed,novel,yes
9,1,5430,Pass,0,0,1,1,2,E:\Novelty Benchmark Human Evaluation\LevelSet4\Science Birds_Data\StreamingAssets\Levels\novelty_level_0\type010105/Levels/00315_0_1_010105_0_5.xml,training,informed,basic,no
10,2,5410,Pass,0,0,1,1,2,E:\Novelty Benchmark Human Evaluation\LevelSet4\Science Birds_Data\StreamingAssets\Levels\novelty_level_0\type010105/Levels/00011_0_1_010105_0_5.xml,training,informed,basic,no
11,3,6420,Pass,0,0,1,1,2,E:\Novelty Benchmark Human Evaluation\LevelSet4\Science Birds_Data\StreamingAssets\Levels\novelty_level_1\type010105/Levels/00326_0_1_010105_1_5.xml,training,informed,novel,yes
12,4,6700,Pass,0,0,1,1,2,E:\Novelty Benchmark Human Evaluation\LevelSet4\Science Birds_Data\StreamingAssets\Levels\novelty_level_1\type010105/Levels/00160_0_1_010105_1_5.xml,training,informed,novel,yes
13,5,6160,Pass,0,0,1,1,2,E:\Novelty Benchmark Human Evaluation\LevelSet4\Science Birds_Data\StreamingAssets\Levels\novelty_level_1\type010105/Levels/00057_0_1_010105_1_5.xml,training,informed,novel,yes
14,6,5950,Pass,0,0,1,1,2,E:\Novelty Benchmark Human Evaluation\LevelSet4\Science Birds_Data\StreamingAssets\Levels\novelty_level_1\type010105/Levels/00238_0_1_010105_1_5.xml,training,informed,novel,yes
15,1,5740,Pass,0,0,1,1,3,E:\Novelty Benchmark Human Evaluation\LevelSet4\Science Birds_Data\StreamingAssets\Levels\novelty_level_0\type010404/Levels/00108_0_1_010404_0_4.xml,training,informed,basic,no
16,2,5530,Pass,0,0,1,1,3,E:\Novelty Benchmark Human Evaluation\LevelSet4\Science Birds_Data\StreamingAssets\Levels\novelty_level_0\type010404/Levels/00130_0_1_010404_0_4.xml,training,informed,basic,no
17,3,5590,Pass,0,0,1,1,3,E:\Novelty Benchmark Human Evaluation\LevelSet4\Science Birds_Data\StreamingAssets\Levels\novelty_level_0\type010404/Levels/00025_0_1_010404_0_4.xml,training,informed,basic,no
18,4,5630,Pass,0,0,1,1,3,E:\Novelty Benchmark Human Evaluation\LevelSet4\Science Birds_Data\StreamingAssets\Levels\novelty_level_0\type010404/Levels/00207_0_1_010404_0_4.xml,training,informed,basic,no
19,5,770,Fail,0,1,1,1,3,E:\Novelty Benchmark Human Evaluation\LevelSet4\Science Birds_Data\StreamingAssets\Levels\novelty_level_4\type010404/Levels/00310_0_1_010404_4_4.xml,training,informed,novel,yes
20,6,5190,Pass,0,0,1,1,3,E:\Novelty Benchmark Human Evaluation\LevelSet4\Science Birds_Data\StreamingAssets\Levels\novelty_level_4\type010404/Levels/00045_0_1_010404_4_4.xml,training,informed,novel,yes
21,7,5700,Pass,0,0,1,1,3,E:\Novelty Benchmark Human Evaluation\LevelSet4\Science Birds_Data\StreamingAssets\Levels\novelty_level_4\type010404/Levels/00022_0_1_010404_4_4.xml,training,informed,novel,yes
22,8,5700,Pass,0,0,1,1,3,E:\Novelty Benchmark Human Evaluation\LevelSet4\Science Birds_Data\StreamingAssets\Levels\novelty_level_4\type010404/Levels/00246_0_1_010404_4_4.xml,training,informed,novel,yes
23,1,7500,Pass,0,0,3,1,4,E:\Novelty Benchmark Human Evaluation\LevelSet4\Science Birds_Data\StreamingAssets\Levels\novelty_level_0\type010302/Levels/00115_0_1_010302_0_2.xml,training,informed,basic,no
24,2,7650,Pass,0,0,3,1,4,E:\Novelty Benchmark Human Evaluation\LevelSet4\Science Birds_Data\StreamingAssets\Levels\novelty_level_0\type010302/Levels/00318_0_1_010302_0_2.xml,training,informed,basic,no
25,3,9040,Pass,0,0,4,1,4,E:\Novelty Benchmark Human Evaluation\LevelSet4\Science Birds_Data\StreamingAssets\Levels\novelty_level_3\type010302/Levels/00129_0_1_010302_3_2.xml,training,informed,novel,yes
26,4,8670,Pass,0,0,4,1,4,E:\Novelty Benchmark Human Evaluation\LevelSet4\Science Birds_Data\StreamingAssets\Levels\novelty_level_3\type010302/Levels/00234_0_1_010302_3_2.xml,training,informed,novel,yes
27,5,8110,Pass,0,0,4,1,4,E:\Novelty Benchmark Human Evaluation\LevelSet4\Science Birds_Data\StreamingAssets\Levels\novelty_level_3\type010302/Levels/00312_0_1_010302_3_2.xml,training,informed,novel,yes
28,6,7720,Pass,0,0,4,1,4,E:\Novelty Benchmark Human Evaluation\LevelSet4\Science Birds_Data\StreamingAssets\Levels\novelty_level_3\type010302/Levels/00099_0_1_010302_3_2.xml,training,informed,novel,yes
29,1,5200,Pass,0,0,1,1,5,E:\Novelty Benchmark Human Evaluation\LevelSet4\Science Birds_Data\StreamingAssets\Levels\novelty_level_0\type010504/Levels/00161_0_1_010504_0_4.xml,training,informed,basic,no
30,2,5200,Pass,0,0,1,1,5,E:\Novelty Benchmark Human Evaluation\LevelSet4\Science Birds_Data\StreamingAssets\Levels\novelty_level_0\type010504/Levels/00111_0_1_010504_0_4.xml,training,informed,basic,no
31,3,5380,Pass,0,0,1,1,5,E:\Novelty Benchmark Human Evaluation\LevelSet4\Science Birds_Data\StreamingAssets\Levels\novelty_level_5\type010504/Levels/00047_0_1_010504_5_4.xml,training,informed,novel,yes
32,4,5240,Pass,0,0,1,1,5,E:\Novelty Benchmark Human Evaluation\LevelSet4\Science Birds_Data\StreamingAssets\Levels\novelty_level_5\type010504/Levels/00049_0_1_010504_5_4.xml,training,informed,novel,yes
33,5,5320,Pass,0,0,1,1,5,E:\Novelty Benchmark Human Evaluation\LevelSet4\Science Birds_Data\StreamingAssets\Levels\novelty_level_5\type010504/Levels/00070_0_1_010504_5_4.xml,training,informed,novel,yes
34,6,5220,Pass,0,0,1,1,5,E:\Novelty Benchmark Human Evaluation\LevelSet4\Science Birds_Data\StreamingAssets\Levels\novelty_level_5\type010504/Levels/00230_0_1_010504_5_4.xml,training,informed,novel,yes
35,1,5660,Pass,0,0,1,1,6,E:\Novelty Benchmark Human Evaluation\LevelSet4\Science Birds_Data\StreamingAssets\Levels\novelty_level_0\type010403/Levels/00206_0_1_010403_0_3.xml,training,informed,basic,no
36,2,5360,Pass,0,0,1,1,6,E:\Novelty Benchmark Human Evaluation\LevelSet4\Science Birds_Data\StreamingAssets\Levels\novelty_level_0\type010403/Levels/00289_0_1_010403_0_3.xml,training,informed,basic,no
37,3,5370,Pass,0,0,1,1,6,E:\Novelty Benchmark Human Evaluation\LevelSet4\Science Birds_Data\StreamingAssets\Levels\novelty_level_0\type010403/Levels/00111_0_1_010403_0_3.xml,training,informed,basic,no
38,4,5340,Pass,0,0,1,1,6,E:\Novelty Benchmark Human Evaluation\LevelSet4\Science Birds_Data\StreamingAssets\Levels\novelty_level_0\type010403/Levels/00085_0_1_010403_0_3.xml,training,informed,basic,no
39,5,780,Fail,0,1,1,1,6,E:\Novelty Benchmark Human Evaluation\LevelSet4\Science Birds_Data\StreamingAssets\Levels\novelty_level_4\type010403/Levels/00044_0_1_010403_4_3.xml,training,informed,novel,yes
40,6,5800,Pass,0,0,1,1,6,E:\Novelty Benchmark Human Evaluation\LevelSet4\Science Birds_Data\StreamingAssets\Levels\novelty_level_4\type010403/Levels/00335_0_1_010403_4_3.xml,training,informed,novel,yes
41,7,5780,Pass,0,0,1,1,6,E:\Novelty Benchmark Human Evaluation\LevelSet4\Science Birds_Data\StreamingAssets\Levels\novelty_level_4\type010403/Levels/00092_0_1_010403_4_3.xml,training,informed,novel,yes
42,8,7230,Pass,0,0,1,1,6,E:\Novelty Benchmark Human Evaluation\LevelSet4\Science Birds_Data\StreamingAssets\Levels\novelty_level_4\type010403/Levels/00068_0_1_010403_4_3.xml,training,informed,novel,yes
43,1,5890,Pass,0,0,1,1,7,E:\Novelty Benchmark Human Evaluation\LevelSet4\Science Birds_Data\StreamingAssets\Levels\novelty_level_0\type010503/Levels/00259_0_1_010503_0_3.xml,training,informed,basic,no
44,2,5670,Pass,0,0,1,1,7,E:\Novelty Benchmark Human Evaluation\LevelSet4\Science Birds_Data\StreamingAssets\Levels\novelty_level_0\type010503/Levels/00124_0_1_010503_0_3.xml,training,informed,basic,no
45,3,5790,Pass,0,0,1,1,7,E:\Novelty Benchmark Human Evaluation\LevelSet4\Science Birds_Data\StreamingAssets\Levels\novelty_level_0\type010503/Levels/00192_0_1_010503_0_3.xml,training,informed,basic,no
46,4,260,Fail,0,1,1,1,7,E:\Novelty Benchmark Human Evaluation\LevelSet4\Science Birds_Data\StreamingAssets\Levels\novelty_level_5\type010503/Levels/00027_0_1_010503_5_3.xml,training,informed,novel,yes
47,5,5560,Pass,0,0,1,1,7,E:\Novelty Benchmark Human Evaluation\LevelSet4\Science Birds_Data\StreamingAssets\Levels\novelty_level_5\type010503/Levels/00207_0_1_010503_5_3.xml,training,informed,novel,yes
48,6,5550,Pass,0,0,1,1,7,E:\Novelty Benchmark Human Evaluation\LevelSet4\Science Birds_Data\StreamingAssets\Levels\novelty_level_5\type010503/Levels/00040_0_1_010503_5_3.xml,training,informed,novel,yes
49,7,5240,Pass,0,0,1,1,7,E:\Novelty Benchmark Human Evaluation\LevelSet4\Science Birds_Data\StreamingAssets\Levels\novelty_level_5\type010503/Levels/00209_0_1_010503_5_3.xml,training,informed,novel,yes
50,1,5800,Pass,0,0,1,1,8,E:\Novelty Benchmark Human Evaluation\LevelSet4\Science Birds_Data\StreamingAssets\Levels\novelty_level_0\type010605/Levels/00197_0_1_010605_0_5.xml,training,informed,basic,no
51,2,5860,Pass,0,0,1,1,8,E:\Novelty Benchmark Human Evaluation\LevelSet4\Science Birds_Data\StreamingAssets\Levels\novelty_level_0\type010605/Levels/00241_0_1_010605_0_5.xml,training,informed,basic,no
52,3,5790,Pass,0,0,1,1,8,E:\Novelty Benchmark Human Evaluation\LevelSet4\Science Birds_Data\StreamingAssets\Levels\novelty_level_0\type010605/Levels/00247_0_1_010605_0_5.xml,training,informed,basic,no
53,4,5930,Pass,0,0,1,1,8,E:\Novelty Benchmark Human Evaluation\LevelSet4\Science Birds_Data\StreamingAssets\Levels\novelty_level_0\type010605/Levels/00111_0_1_010605_0_5.xml,training,informed,basic,no
54,5,5490,Pass,0,0,1,1,8,E:\Novelty Benchmark Human Evaluation\LevelSet4\Science Birds_Data\StreamingAssets\Levels\novelty_level_6\type010605/Levels/00029_0_1_010605_6_5.xml,training,informed,novel,yes
55,6,1380,Fail,0,1,1,1,8,E:\Novelty Benchmark Human Evaluation\LevelSet4\Science Birds_Data\StreamingAssets\Levels\novelty_level_6\type010605/Levels/00260_0_1_010605_6_5.xml,training,informed,novel,yes
56,7,5910,Pass,0,0,1,1,8,E:\Novelty Benchmark Human Evaluation\LevelSet4\Science Birds_Data\StreamingAssets\Levels\novelty_level_6\type010605/Levels/00331_0_1_010605_6_5.xml,training,informed,novel,yes
57,8,6210,Pass,0,0,1,1,8,E:\Novelty Benchmark Human Evaluation\LevelSet4\Science Birds_Data\StreamingAssets\Levels\novelty_level_6\type010605/Levels/00030_0_1_010605_6_5.xml,training,informed,novel,yes
58,1,5240,Pass,0,0,1,1,9,E:\Novelty Benchmark Human Evaluation\LevelSet4\Science Birds_Data\StreamingAssets\Levels\novelty_level_0\type010701/Levels/00221_0_1_010701_0_1.xml,training,informed,basic,no
59,2,5000,Pass,0,0,1,1,9,E:\Novelty Benchmark Human Evaluation\LevelSet4\Science Birds_Data\StreamingAssets\Levels\novelty_level_0\type010701/Levels/00253_0_1_010701_0_1.xml,training,informed,basic,no
60,3,50,Fail,0,1,1,1,9,E:\Novelty Benchmark Human Evaluation\LevelSet4\Science Birds_Data\StreamingAssets\Levels\novelty_level_7\type010701/Levels/00035_0_1_010701_7_1.xml,training,informed,novel,yes
61,4,5000,Pass,0,0,1,1,9,E:\Novelty Benchmark Human Evaluation\LevelSet4\Science Birds_Data\StreamingAssets\Levels\novelty_level_7\type010701/Levels/00207_0_1_010701_7_1.xml,training,informed,novel,yes
62,5,5000,Pass,0,1,1,1,9,E:\Novelty Benchmark Human Evaluation\LevelSet4\Science Birds_Data\StreamingAssets\Levels\novelty_level_7\type010701/Levels/00290_0_1_010701_7_1.xml,training,informed,novel,yes
63,6,5000,Pass,0,1,1,1,9,E:\Novelty Benchmark Human Evaluation\LevelSet4\Science Birds_Data\StreamingAssets\Levels\novelty_level_7\type010701/Levels/00124_0_1_010701_7_1.xml,training,informed,novel,yes
64,1,10940,Pass,0,0,3,1,10,E:\Novelty Benchmark Human Evaluation\LevelSet4\Science Birds_Data\StreamingAssets\Levels\novelty_level_0\type010802/Levels/00161_0_1_010802_0_2.xml,training,informed,basic,no
65,2,8160,Pass,0,0,3,1,10,E:\Novelty Benchmark Human Evaluation\LevelSet4\Science Birds_Data\StreamingAssets\Levels\novelty_level_0\type010802/Levels/00139_0_1_010802_0_2.xml,training,informed,basic,no
66,3,10270,Pass,0,0,4,1,10,E:\Novelty Benchmark Human Evaluation\LevelSet4\Science Birds_Data\StreamingAssets\Levels\novelty_level_8\type010802/Levels/00250_0_1_010802_8_2.xml,training,informed,novel,yes
67,4,2020,Fail,0,1,4,1,10,E:\Novelty Benchmark Human Evaluation\LevelSet4\Science Birds_Data\StreamingAssets\Levels\novelty_level_8\type010802/Levels/00128_0_1_010802_8_2.xml,training,informed,novel,yes
68,5,10270,Pass,0,1,4,1,10,E:\Novelty Benchmark Human Evaluation\LevelSet4\Science Birds_Data\StreamingAssets\Levels\novelty_level_8\type010802/Levels/00059_0_1_010802_8_2.xml,training,informed,novel,yes
69,6,11160,Pass,0,0,4,1,10,E:\Novelty Benchmark Human Evaluation\LevelSet4\Science Birds_Data\StreamingAssets\Levels\novelty_level_8\type010802/Levels/00047_0_1_010802_8_2.xml,training,informed,novel,yes
