EvaluationIndex,LevelIndex,Score,LevelStatus,birdsRemaining,pigsRemaining,birdsAtStart,pigsAtStart, trial,levelName,playStatus,informed,novelty,noveltyDetected
1,1,5590,Pass,0,0,1,1,1,E:\Novelty Benchmark Human Evaluation\LevelSet3\Science Birds_Data\StreamingAssets\Levels\novelty_level_0\type010103/Levels/00053_0_1_010103_0_3.xml,training,informed,basic,no
2,2,5960,Pass,0,0,1,1,1,E:\Novelty Benchmark Human Evaluation\LevelSet3\Science Birds_Data\StreamingAssets\Levels\novelty_level_0\type010103/Levels/00019_0_1_010103_0_3.xml,training,informed,basic,no
3,3,6350,Pass,0,0,1,1,1,E:\Novelty Benchmark Human Evaluation\LevelSet3\Science Birds_Data\StreamingAssets\Levels\novelty_level_1\type010103/Levels/00082_0_1_010103_1_3.xml,training,informed,novel,yes
4,4,5980,Pass,0,0,1,1,1,E:\Novelty Benchmark Human Evaluation\LevelSet3\Science Birds_Data\StreamingAssets\Levels\novelty_level_1\type010103/Levels/00264_0_1_010103_1_3.xml,training,informed,novel,yes
5,5,6480,Pass,0,0,1,1,1,E:\Novelty Benchmark Human Evaluation\LevelSet3\Science Birds_Data\StreamingAssets\Levels\novelty_level_1\type010103/Levels/00173_0_1_010103_1_3.xml,training,informed,novel,yes
6,6,6250,Pass,0,0,1,1,1,E:\Novelty Benchmark Human Evaluation\LevelSet3\Science Birds_Data\StreamingAssets\Levels\novelty_level_1\type010103/Levels/00252_0_1_010103_1_3.xml,training,informed,novel,yes
7,1,5000,Pass,0,0,1,1,2,E:\Novelty Benchmark Human Evaluation\LevelSet3\Science Birds_Data\StreamingAssets\Levels\novelty_level_0\type010301/Levels/00194_0_1_010301_0_1.xml,training,informed,basic,no
8,2,5010,Pass,0,1,1,1,2,E:\Novelty Benchmark Human Evaluation\LevelSet3\Science Birds_Data\StreamingAssets\Levels\novelty_level_0\type010301/Levels/00286_0_1_010301_0_1.xml,training,informed,basic,no
9,3,5000,Pass,0,0,1,1,2,E:\Novelty Benchmark Human Evaluation\LevelSet3\Science Birds_Data\StreamingAssets\Levels\novelty_level_0\type010301/Levels/00283_0_1_010301_0_1.xml,training,informed,basic,no
10,4,5000,Pass,0,0,1,1,2,E:\Novelty Benchmark Human Evaluation\LevelSet3\Science Birds_Data\StreamingAssets\Levels\novelty_level_0\type010301/Levels/00039_0_1_010301_0_1.xml,training,informed,basic,no
11,5,5190,Pass,0,0,1,1,2,E:\Novelty Benchmark Human Evaluation\LevelSet3\Science Birds_Data\StreamingAssets\Levels\novelty_level_3\type010301/Levels/00268_0_1_010301_3_1.xml,training,informed,novel,yes
12,6,5000,Pass,0,0,1,1,2,E:\Novelty Benchmark Human Evaluation\LevelSet3\Science Birds_Data\StreamingAssets\Levels\novelty_level_3\type010301/Levels/00165_0_1_010301_3_1.xml,training,informed,novel,yes
13,7,5000,Pass,0,0,1,1,2,E:\Novelty Benchmark Human Evaluation\LevelSet3\Science Birds_Data\StreamingAssets\Levels\novelty_level_3\type010301/Levels/00169_0_1_010301_3_1.xml,training,informed,novel,yes
14,8,5000,Pass,0,1,1,1,2,E:\Novelty Benchmark Human Evaluation\LevelSet3\Science Birds_Data\StreamingAssets\Levels\novelty_level_3\type010301/Levels/00178_0_1_010301_3_1.xml,training,informed,novel,yes
15,1,-180,Fail,0,0,1,1,3,E:\Novelty Benchmark Human Evaluation\LevelSet3\Science Birds_Data\StreamingAssets\Levels\novelty_level_0\type010205/Levels/00070_0_1_010205_0_5.xml,training,informed,basic,no
16,2,6810,Pass,0,0,1,1,3,E:\Novelty Benchmark Human Evaluation\LevelSet3\Science Birds_Data\StreamingAssets\Levels\novelty_level_0\type010205/Levels/00217_0_1_010205_0_5.xml,training,informed,basic,no
17,3,6240,Pass,0,0,1,1,3,E:\Novelty Benchmark Human Evaluation\LevelSet3\Science Birds_Data\StreamingAssets\Levels\novelty_level_0\type010205/Levels/00218_0_1_010205_0_5.xml,training,informed,basic,no
18,4,6140,Pass,0,0,1,1,3,E:\Novelty Benchmark Human Evaluation\LevelSet3\Science Birds_Data\StreamingAssets\Levels\novelty_level_2\type010205/Levels/00108_0_1_010205_2_5.xml,training,informed,novel,yes
19,5,6160,Pass,0,0,1,1,3,E:\Novelty Benchmark Human Evaluation\LevelSet3\Science Birds_Data\StreamingAssets\Levels\novelty_level_2\type010205/Levels/00147_0_1_010205_2_5.xml,training,informed,novel,yes
20,6,6030,Pass,0,0,1,1,3,E:\Novelty Benchmark Human Evaluation\LevelSet3\Science Birds_Data\StreamingAssets\Levels\novelty_level_2\type010205/Levels/00249_0_1_010205_2_5.xml,training,informed,novel,yes
21,7,6080,Pass,0,0,1,1,3,E:\Novelty Benchmark Human Evaluation\LevelSet3\Science Birds_Data\StreamingAssets\Levels\novelty_level_2\type010205/Levels/00064_0_1_010205_2_5.xml,training,informed,novel,yes
22,1,5530,Pass,0,1,1,1,4,E:\Novelty Benchmark Human Evaluation\LevelSet3\Science Birds_Data\StreamingAssets\Levels\novelty_level_0\type010304/Levels/00045_0_1_010304_0_4.xml,training,informed,basic,no
23,2,5230,Pass,0,0,1,1,4,E:\Novelty Benchmark Human Evaluation\LevelSet3\Science Birds_Data\StreamingAssets\Levels\novelty_level_0\type010304/Levels/00063_0_1_010304_0_4.xml,training,informed,basic,no
24,3,5360,Pass,0,0,1,1,4,E:\Novelty Benchmark Human Evaluation\LevelSet3\Science Birds_Data\StreamingAssets\Levels\novelty_level_0\type010304/Levels/00104_0_1_010304_0_4.xml,training,informed,basic,no
25,4,5460,Pass,0,0,1,1,4,E:\Novelty Benchmark Human Evaluation\LevelSet3\Science Birds_Data\StreamingAssets\Levels\novelty_level_0\type010304/Levels/00225_0_1_010304_0_4.xml,training,informed,basic,no
26,5,390,Fail,0,1,1,1,4,E:\Novelty Benchmark Human Evaluation\LevelSet3\Science Birds_Data\StreamingAssets\Levels\novelty_level_3\type010304/Levels/00037_0_1_010304_3_4.xml,training,informed,novel,yes
27,6,590,Fail,0,1,1,1,4,E:\Novelty Benchmark Human Evaluation\LevelSet3\Science Birds_Data\StreamingAssets\Levels\novelty_level_3\type010304/Levels/00276_0_1_010304_3_4.xml,training,informed,novel,yes
28,7,6820,Pass,0,0,1,1,4,E:\Novelty Benchmark Human Evaluation\LevelSet3\Science Birds_Data\StreamingAssets\Levels\novelty_level_3\type010304/Levels/00017_0_1_010304_3_4.xml,training,informed,novel,yes
29,8,5520,Pass,0,0,1,1,4,E:\Novelty Benchmark Human Evaluation\LevelSet3\Science Birds_Data\StreamingAssets\Levels\novelty_level_3\type010304/Levels/00257_0_1_010304_3_4.xml,training,informed,novel,yes
30,1,5080,Pass,0,0,1,1,5,E:\Novelty Benchmark Human Evaluation\LevelSet3\Science Birds_Data\StreamingAssets\Levels\novelty_level_0\type010604/Levels/00266_0_1_010604_0_4.xml,training,informed,basic,no
31,2,5350,Pass,0,0,1,1,5,E:\Novelty Benchmark Human Evaluation\LevelSet3\Science Birds_Data\StreamingAssets\Levels\novelty_level_0\type010604/Levels/00241_0_1_010604_0_4.xml,training,informed,basic,no
32,3,5610,Pass,0,0,1,1,5,E:\Novelty Benchmark Human Evaluation\LevelSet3\Science Birds_Data\StreamingAssets\Levels\novelty_level_6\type010604/Levels/00127_0_1_010604_6_4.xml,training,informed,novel,yes
33,4,330,Fail,0,1,1,1,5,E:\Novelty Benchmark Human Evaluation\LevelSet3\Science Birds_Data\StreamingAssets\Levels\novelty_level_6\type010604/Levels/00229_0_1_010604_6_4.xml,training,informed,novel,yes
34,5,5550,Pass,0,1,1,1,5,E:\Novelty Benchmark Human Evaluation\LevelSet3\Science Birds_Data\StreamingAssets\Levels\novelty_level_6\type010604/Levels/00260_0_1_010604_6_4.xml,training,informed,novel,yes
35,6,5190,Pass,0,0,1,1,5,E:\Novelty Benchmark Human Evaluation\LevelSet3\Science Birds_Data\StreamingAssets\Levels\novelty_level_6\type010604/Levels/00346_0_1_010604_6_4.xml,training,informed,novel,yes
36,1,9330,Pass,0,0,3,1,6,E:\Novelty Benchmark Human Evaluation\LevelSet3\Science Birds_Data\StreamingAssets\Levels\novelty_level_0\type010402/Levels/00270_0_1_010402_0_2.xml,training,informed,basic,no
37,2,10100,Pass,0,0,3,1,6,E:\Novelty Benchmark Human Evaluation\LevelSet3\Science Birds_Data\StreamingAssets\Levels\novelty_level_0\type010402/Levels/00345_0_1_010402_0_2.xml,training,informed,basic,no
38,3,10860,Pass,0,0,2,1,6,E:\Novelty Benchmark Human Evaluation\LevelSet3\Science Birds_Data\StreamingAssets\Levels\novelty_level_4\type010402/Levels/00280_0_1_010402_4_2.xml,training,informed,novel,yes
39,4,11210,Pass,0,0,2,1,6,E:\Novelty Benchmark Human Evaluation\LevelSet3\Science Birds_Data\StreamingAssets\Levels\novelty_level_4\type010402/Levels/00204_0_1_010402_4_2.xml,training,informed,novel,yes
40,5,9500,Pass,0,0,2,1,6,E:\Novelty Benchmark Human Evaluation\LevelSet3\Science Birds_Data\StreamingAssets\Levels\novelty_level_4\type010402/Levels/00177_0_1_010402_4_2.xml,training,informed,novel,yes
41,6,12030,Pass,0,0,2,1,6,E:\Novelty Benchmark Human Evaluation\LevelSet3\Science Birds_Data\StreamingAssets\Levels\novelty_level_4\type010402/Levels/00023_0_1_010402_4_2.xml,training,informed,novel,yes
42,1,5280,Pass,0,0,1,1,7,E:\Novelty Benchmark Human Evaluation\LevelSet3\Science Birds_Data\StreamingAssets\Levels\novelty_level_0\type010505/Levels/00300_0_1_010505_0_5.xml,training,informed,basic,no
43,2,5140,Pass,0,0,1,1,7,E:\Novelty Benchmark Human Evaluation\LevelSet3\Science Birds_Data\StreamingAssets\Levels\novelty_level_0\type010505/Levels/00009_0_1_010505_0_5.xml,training,informed,basic,no
44,3,5180,Pass,0,0,1,1,7,E:\Novelty Benchmark Human Evaluation\LevelSet3\Science Birds_Data\StreamingAssets\Levels\novelty_level_5\type010505/Levels/00073_0_1_010505_5_5.xml,training,informed,novel,yes
45,4,5270,Pass,0,0,1,1,7,E:\Novelty Benchmark Human Evaluation\LevelSet3\Science Birds_Data\StreamingAssets\Levels\novelty_level_5\type010505/Levels/00243_0_1_010505_5_5.xml,training,informed,novel,yes
46,5,5350,Pass,0,1,1,1,7,E:\Novelty Benchmark Human Evaluation\LevelSet3\Science Birds_Data\StreamingAssets\Levels\novelty_level_5\type010505/Levels/00148_0_1_010505_5_5.xml,training,informed,novel,yes
47,6,5220,Pass,0,0,1,1,7,E:\Novelty Benchmark Human Evaluation\LevelSet3\Science Birds_Data\StreamingAssets\Levels\novelty_level_5\type010505/Levels/00253_0_1_010505_5_5.xml,training,informed,novel,yes
48,1,5030,Pass,0,0,1,1,8,E:\Novelty Benchmark Human Evaluation\LevelSet3\Science Birds_Data\StreamingAssets\Levels\novelty_level_0\type010601/Levels/00200_0_1_010601_0_1.xml,training,informed,basic,no
49,2,5000,Pass,0,0,1,1,8,E:\Novelty Benchmark Human Evaluation\LevelSet3\Science Birds_Data\StreamingAssets\Levels\novelty_level_0\type010601/Levels/00324_0_1_010601_0_1.xml,training,informed,basic,no
50,3,5100,Pass,0,0,1,1,8,E:\Novelty Benchmark Human Evaluation\LevelSet3\Science Birds_Data\StreamingAssets\Levels\novelty_level_6\type010601/Levels/00112_0_1_010601_6_1.xml,training,informed,novel,yes
51,4,5040,Pass,0,0,1,1,8,E:\Novelty Benchmark Human Evaluation\LevelSet3\Science Birds_Data\StreamingAssets\Levels\novelty_level_6\type010601/Levels/00006_0_1_010601_6_1.xml,training,informed,novel,yes
52,5,5060,Pass,0,0,1,1,8,E:\Novelty Benchmark Human Evaluation\LevelSet3\Science Birds_Data\StreamingAssets\Levels\novelty_level_6\type010601/Levels/00074_0_1_010601_6_1.xml,training,informed,novel,yes
53,6,5160,Pass,0,0,1,1,8,E:\Novelty Benchmark Human Evaluation\LevelSet3\Science Birds_Data\StreamingAssets\Levels\novelty_level_6\type010601/Levels/00216_0_1_010601_6_1.xml,training,informed,novel,yes
54,1,9870,Pass,0,0,3,1,9,E:\Novelty Benchmark Human Evaluation\LevelSet3\Science Birds_Data\StreamingAssets\Levels\novelty_level_0\type010702/Levels/00195_0_1_010702_0_2.xml,training,informed,basic,no
55,2,7830,Pass,0,0,3,1,9,E:\Novelty Benchmark Human Evaluation\LevelSet3\Science Birds_Data\StreamingAssets\Levels\novelty_level_0\type010702/Levels/00185_0_1_010702_0_2.xml,training,informed,basic,no
56,3,2040,Fail,0,1,2,1,9,E:\Novelty Benchmark Human Evaluation\LevelSet3\Science Birds_Data\StreamingAssets\Levels\novelty_level_7\type010702/Levels/00347_0_1_010702_7_2.xml,training,informed,novel,yes
57,4,9220,Pass,0,0,2,1,9,E:\Novelty Benchmark Human Evaluation\LevelSet3\Science Birds_Data\StreamingAssets\Levels\novelty_level_7\type010702/Levels/00313_0_1_010702_7_2.xml,training,informed,novel,yes
58,5,9190,Pass,0,0,2,1,9,E:\Novelty Benchmark Human Evaluation\LevelSet3\Science Birds_Data\StreamingAssets\Levels\novelty_level_7\type010702/Levels/00184_0_1_010702_7_2.xml,training,informed,novel,yes
59,6,8460,Pass,0,0,2,1,9,E:\Novelty Benchmark Human Evaluation\LevelSet3\Science Birds_Data\StreamingAssets\Levels\novelty_level_7\type010702/Levels/00081_0_1_010702_7_2.xml,training,informed,novel,yes
60,1,5180,Pass,0,0,1,1,10,E:\Novelty Benchmark Human Evaluation\LevelSet3\Science Birds_Data\StreamingAssets\Levels\novelty_level_0\type010803/Levels/00227_0_1_010803_0_3.xml,training,informed,basic,no
61,2,5150,Pass,0,0,1,1,10,E:\Novelty Benchmark Human Evaluation\LevelSet3\Science Birds_Data\StreamingAssets\Levels\novelty_level_0\type010803/Levels/00269_0_1_010803_0_3.xml,training,informed,basic,no
62,3,6240,Pass,0,0,2,1,10,E:\Novelty Benchmark Human Evaluation\LevelSet3\Science Birds_Data\StreamingAssets\Levels\novelty_level_8\type010803/Levels/00189_0_1_010803_8_3.xml,training,informed,novel,yes
63,4,5990,Pass,0,0,2,1,10,E:\Novelty Benchmark Human Evaluation\LevelSet3\Science Birds_Data\StreamingAssets\Levels\novelty_level_8\type010803/Levels/00106_0_1_010803_8_3.xml,training,informed,novel,yes
64,5,6600,Pass,0,0,2,1,10,E:\Novelty Benchmark Human Evaluation\LevelSet3\Science Birds_Data\StreamingAssets\Levels\novelty_level_8\type010803/Levels/00018_0_1_010803_8_3.xml,training,informed,novel,yes
65,6,6090,Pass,0,0,2,1,10,E:\Novelty Benchmark Human Evaluation\LevelSet3\Science Birds_Data\StreamingAssets\Levels\novelty_level_8\type010803/Levels/00013_0_1_010803_8_3.xml,training,informed,novel,yes
