EvaluationIndex,LevelIndex,Score,LevelStatus,birdsRemaining,pigsRemaining,birdsAtStart,pigsAtStart, trial,levelName,playStatus,informed,novelty,noveltyDetected
1,1,140,Fail,0,1,1,1,1,D:\novelty-benchmark-v2\BuildGames\LevelSet1\Science Birds_Data\StreamingAssets\Levels\novelty_level_0\type010101/Levels/00230_0_1_010101_0_1.xml,training,informed,basic,no
2,2,5330,Pass,0,0,1,1,1,D:\novelty-benchmark-v2\BuildGames\LevelSet1\Science Birds_Data\StreamingAssets\Levels\novelty_level_0\type010101/Levels/00027_0_1_010101_0_1.xml,training,informed,basic,no
3,3,5000,Pass,0,0,1,1,1,D:\novelty-benchmark-v2\BuildGames\LevelSet1\Science Birds_Data\StreamingAssets\Levels\novelty_level_0\type010101/Levels/00071_0_1_010101_0_1.xml,training,informed,basic,no
4,4,5000,Pass,0,0,1,1,1,D:\novelty-benchmark-v2\BuildGames\LevelSet1\Science Birds_Data\StreamingAssets\Levels\novelty_level_0\type010101/Levels/00030_0_1_010101_0_1.xml,training,informed,basic,no
5,5,5000,Pass,0,0,1,1,1,D:\novelty-benchmark-v2\BuildGames\LevelSet1\Science Birds_Data\StreamingAssets\Levels\novelty_level_1\type010101/Levels/00087_0_1_010101_1_1.xml,training,informed,novel,yes
6,6,5000,Pass,0,0,1,1,1,D:\novelty-benchmark-v2\BuildGames\LevelSet1\Science Birds_Data\StreamingAssets\Levels\novelty_level_1\type010101/Levels/00318_0_1_010101_1_1.xml,training,informed,novel,yes
7,7,5840,Pass,0,0,1,1,1,D:\novelty-benchmark-v2\BuildGames\LevelSet1\Science Birds_Data\StreamingAssets\Levels\novelty_level_1\type010101/Levels/00114_0_1_010101_1_1.xml,training,informed,novel,yes
8,8,5360,Pass,0,0,1,1,1,D:\novelty-benchmark-v2\BuildGames\LevelSet1\Science Birds_Data\StreamingAssets\Levels\novelty_level_1\type010101/Levels/00013_0_1_010101_1_1.xml,training,informed,novel,yes
9,1,390,Fail,0,1,1,1,2,D:\novelty-benchmark-v2\BuildGames\LevelSet1\Science Birds_Data\StreamingAssets\Levels\novelty_level_0\type010104/Levels/00027_0_1_010104_0_4.xml,training,informed,basic,no
10,2,5210,Pass,0,0,1,1,2,D:\novelty-benchmark-v2\BuildGames\LevelSet1\Science Birds_Data\StreamingAssets\Levels\novelty_level_0\type010104/Levels/00128_0_1_010104_0_4.xml,training,informed,basic,no
11,3,5980,Pass,0,0,1,1,2,D:\novelty-benchmark-v2\BuildGames\LevelSet1\Science Birds_Data\StreamingAssets\Levels\novelty_level_1\type010104/Levels/00088_0_1_010104_1_4.xml,training,informed,novel,yes
12,4,5680,Pass,0,0,1,1,2,D:\novelty-benchmark-v2\BuildGames\LevelSet1\Science Birds_Data\StreamingAssets\Levels\novelty_level_1\type010104/Levels/00080_0_1_010104_1_4.xml,training,informed,novel,yes
13,5,6010,Pass,0,0,1,1,2,D:\novelty-benchmark-v2\BuildGames\LevelSet1\Science Birds_Data\StreamingAssets\Levels\novelty_level_1\type010104/Levels/00119_0_1_010104_1_4.xml,training,informed,novel,yes
14,6,5150,Pass,0,0,1,1,2,D:\novelty-benchmark-v2\BuildGames\LevelSet1\Science Birds_Data\StreamingAssets\Levels\novelty_level_1\type010104/Levels/00280_0_1_010104_1_4.xml,training,informed,novel,yes
15,1,8190,Pass,0,0,3,1,3,D:\novelty-benchmark-v2\BuildGames\LevelSet1\Science Birds_Data\StreamingAssets\Levels\novelty_level_0\type010202/Levels/00123_0_1_010202_0_2.xml,training,informed,basic,no
16,2,7510,Pass,0,0,3,1,3,D:\novelty-benchmark-v2\BuildGames\LevelSet1\Science Birds_Data\StreamingAssets\Levels\novelty_level_0\type010202/Levels/00168_0_1_010202_0_2.xml,training,informed,basic,no
17,3,22550,Pass,1,0,3,1,3,D:\novelty-benchmark-v2\BuildGames\LevelSet1\Science Birds_Data\StreamingAssets\Levels\novelty_level_2\type010202/Levels/00271_0_1_010202_2_2.xml,training,informed,novel,yes
18,4,5160,Fail,0,1,3,1,3,D:\novelty-benchmark-v2\BuildGames\LevelSet1\Science Birds_Data\StreamingAssets\Levels\novelty_level_2\type010202/Levels/00318_0_1_010202_2_2.xml,training,informed,novel,yes
19,5,6090,Fail,0,1,3,1,3,D:\novelty-benchmark-v2\BuildGames\LevelSet1\Science Birds_Data\StreamingAssets\Levels\novelty_level_2\type010202/Levels/00293_0_1_010202_2_2.xml,training,informed,novel,yes
20,6,12630,Pass,0,0,3,1,3,D:\novelty-benchmark-v2\BuildGames\LevelSet1\Science Birds_Data\StreamingAssets\Levels\novelty_level_2\type010202/Levels/00152_0_1_010202_2_2.xml,training,informed,novel,yes
21,1,5520,Pass,0,0,1,1,4,D:\novelty-benchmark-v2\BuildGames\LevelSet1\Science Birds_Data\StreamingAssets\Levels\novelty_level_0\type010303/Levels/00092_0_1_010303_0_3.xml,training,informed,basic,no
22,2,5440,Pass,0,0,1,1,4,D:\novelty-benchmark-v2\BuildGames\LevelSet1\Science Birds_Data\StreamingAssets\Levels\novelty_level_0\type010303/Levels/00176_0_1_010303_0_3.xml,training,informed,basic,no
23,3,1470,Fail,0,1,1,1,4,D:\novelty-benchmark-v2\BuildGames\LevelSet1\Science Birds_Data\StreamingAssets\Levels\novelty_level_3\type010303/Levels/00082_0_1_010303_3_3.xml,training,informed,novel,yes
24,4,0,Fail,0,1,1,1,4,D:\novelty-benchmark-v2\BuildGames\LevelSet1\Science Birds_Data\StreamingAssets\Levels\novelty_level_3\type010303/Levels/00195_0_1_010303_3_3.xml,training,informed,novel,yes
25,5,560,Fail,0,1,1,1,4,D:\novelty-benchmark-v2\BuildGames\LevelSet1\Science Birds_Data\StreamingAssets\Levels\novelty_level_3\type010303/Levels/00098_0_1_010303_3_3.xml,training,informed,novel,yes
26,6,5700,Pass,0,0,1,1,4,D:\novelty-benchmark-v2\BuildGames\LevelSet1\Science Birds_Data\StreamingAssets\Levels\novelty_level_3\type010303/Levels/00214_0_1_010303_3_3.xml,training,informed,novel,yes
27,1,6050,Pass,0,0,1,1,5,D:\novelty-benchmark-v2\BuildGames\LevelSet1\Science Birds_Data\StreamingAssets\Levels\novelty_level_0\type010704/Levels/00301_0_1_010704_0_4.xml,training,informed,basic,no
28,2,1070,Fail,0,1,1,1,5,D:\novelty-benchmark-v2\BuildGames\LevelSet1\Science Birds_Data\StreamingAssets\Levels\novelty_level_0\type010704/Levels/00016_0_1_010704_0_4.xml,training,informed,basic,no
29,3,640,Fail,0,1,1,1,5,D:\novelty-benchmark-v2\BuildGames\LevelSet1\Science Birds_Data\StreamingAssets\Levels\novelty_level_0\type010704/Levels/00153_0_1_010704_0_4.xml,training,informed,basic,yes
30,4,510,Fail,0,1,1,1,5,D:\novelty-benchmark-v2\BuildGames\LevelSet1\Science Birds_Data\StreamingAssets\Levels\novelty_level_7\type010704/Levels/00092_0_1_010704_7_4.xml,training,informed,novel,yes
31,5,5860,Pass,0,0,1,1,5,D:\novelty-benchmark-v2\BuildGames\LevelSet1\Science Birds_Data\StreamingAssets\Levels\novelty_level_7\type010704/Levels/00020_0_1_010704_7_4.xml,training,informed,novel,yes
32,6,5860,Pass,0,0,1,1,5,D:\novelty-benchmark-v2\BuildGames\LevelSet1\Science Birds_Data\StreamingAssets\Levels\novelty_level_7\type010704/Levels/00127_0_1_010704_7_4.xml,training,informed,novel,yes
33,7,2840,Fail,0,1,1,1,5,D:\novelty-benchmark-v2\BuildGames\LevelSet1\Science Birds_Data\StreamingAssets\Levels\novelty_level_7\type010704/Levels/00232_0_1_010704_7_4.xml,training,informed,novel,yes
34,1,1410,Fail,0,1,1,1,6,D:\novelty-benchmark-v2\BuildGames\LevelSet1\Science Birds_Data\StreamingAssets\Levels\novelty_level_0\type010405/Levels/00123_0_1_010405_0_5.xml,training,informed,basic,no
35,2,380,Fail,0,1,1,1,6,D:\novelty-benchmark-v2\BuildGames\LevelSet1\Science Birds_Data\StreamingAssets\Levels\novelty_level_0\type010405/Levels/00311_0_1_010405_0_5.xml,training,informed,basic,no
36,3,670,Fail,0,1,1,1,6,D:\novelty-benchmark-v2\BuildGames\LevelSet1\Science Birds_Data\StreamingAssets\Levels\novelty_level_0\type010405/Levels/00254_0_1_010405_0_5.xml,training,informed,basic,no
37,4,740,Fail,0,1,1,1,6,D:\novelty-benchmark-v2\BuildGames\LevelSet1\Science Birds_Data\StreamingAssets\Levels\novelty_level_4\type010405/Levels/00167_0_1_010405_4_5.xml,training,informed,novel,yes
38,5,5780,Pass,0,0,1,1,6,D:\novelty-benchmark-v2\BuildGames\LevelSet1\Science Birds_Data\StreamingAssets\Levels\novelty_level_4\type010405/Levels/00093_0_1_010405_4_5.xml,training,informed,novel,yes
39,6,770,Fail,0,1,1,1,6,D:\novelty-benchmark-v2\BuildGames\LevelSet1\Science Birds_Data\StreamingAssets\Levels\novelty_level_4\type010405/Levels/00097_0_1_010405_4_5.xml,training,informed,novel,yes
40,7,6080,Pass,0,0,1,1,6,D:\novelty-benchmark-v2\BuildGames\LevelSet1\Science Birds_Data\StreamingAssets\Levels\novelty_level_4\type010405/Levels/00147_0_1_010405_4_5.xml,training,informed,novel,yes
41,1,5770,Pass,0,0,1,1,7,D:\novelty-benchmark-v2\BuildGames\LevelSet1\Science Birds_Data\StreamingAssets\Levels\novelty_level_0\type010501/Levels/00294_0_1_010501_0_1.xml,training,informed,basic,no
42,2,10000,Pass,0,0,1,1,7,D:\novelty-benchmark-v2\BuildGames\LevelSet1\Science Birds_Data\StreamingAssets\Levels\novelty_level_0\type010501/Levels/00201_0_1_010501_0_1.xml,training,informed,basic,no
43,3,5040,Pass,0,0,1,1,7,D:\novelty-benchmark-v2\BuildGames\LevelSet1\Science Birds_Data\StreamingAssets\Levels\novelty_level_0\type010501/Levels/00107_0_1_010501_0_1.xml,training,informed,basic,no
44,4,5150,Pass,0,0,1,1,7,D:\novelty-benchmark-v2\BuildGames\LevelSet1\Science Birds_Data\StreamingAssets\Levels\novelty_level_0\type010501/Levels/00226_0_1_010501_0_1.xml,training,informed,basic,no
45,5,5340,Pass,0,0,1,1,7,D:\novelty-benchmark-v2\BuildGames\LevelSet1\Science Birds_Data\StreamingAssets\Levels\novelty_level_5\type010501/Levels/00156_0_1_010501_5_1.xml,training,informed,novel,yes
46,6,5000,Pass,0,0,1,1,7,D:\novelty-benchmark-v2\BuildGames\LevelSet1\Science Birds_Data\StreamingAssets\Levels\novelty_level_5\type010501/Levels/00113_0_1_010501_5_1.xml,training,informed,novel,yes
47,7,5000,Pass,0,0,1,1,7,D:\novelty-benchmark-v2\BuildGames\LevelSet1\Science Birds_Data\StreamingAssets\Levels\novelty_level_5\type010501/Levels/00270_0_1_010501_5_1.xml,training,informed,novel,yes
48,8,5000,Pass,0,0,1,1,7,D:\novelty-benchmark-v2\BuildGames\LevelSet1\Science Birds_Data\StreamingAssets\Levels\novelty_level_5\type010501/Levels/00023_0_1_010501_5_1.xml,training,informed,novel,yes
49,1,8480,Pass,0,0,3,1,8,D:\novelty-benchmark-v2\BuildGames\LevelSet1\Science Birds_Data\StreamingAssets\Levels\novelty_level_0\type010602/Levels/00191_0_1_010602_0_2.xml,training,informed,basic,no
50,2,7770,Pass,0,0,3,1,8,D:\novelty-benchmark-v2\BuildGames\LevelSet1\Science Birds_Data\StreamingAssets\Levels\novelty_level_0\type010602/Levels/00317_0_1_010602_0_2.xml,training,informed,basic,no
51,3,8910,Pass,0,0,3,1,8,D:\novelty-benchmark-v2\BuildGames\LevelSet1\Science Birds_Data\StreamingAssets\Levels\novelty_level_6\type010602/Levels/00221_0_1_010602_6_2.xml,training,informed,novel,yes
52,4,8430,Pass,0,0,3,1,8,D:\novelty-benchmark-v2\BuildGames\LevelSet1\Science Birds_Data\StreamingAssets\Levels\novelty_level_6\type010602/Levels/00061_0_1_010602_6_2.xml,training,informed,novel,yes
53,5,2820,Fail,0,1,3,1,8,D:\novelty-benchmark-v2\BuildGames\LevelSet1\Science Birds_Data\StreamingAssets\Levels\novelty_level_6\type010602/Levels/00321_0_1_010602_6_2.xml,training,informed,novel,yes
54,6,9160,Pass,0,0,3,1,8,D:\novelty-benchmark-v2\BuildGames\LevelSet1\Science Birds_Data\StreamingAssets\Levels\novelty_level_6\type010602/Levels/00274_0_1_010602_6_2.xml,training,informed,novel,yes
55,1,5960,Pass,0,0,1,1,9,D:\novelty-benchmark-v2\BuildGames\LevelSet1\Science Birds_Data\StreamingAssets\Levels\novelty_level_0\type010703/Levels/00303_0_1_010703_0_3.xml,training,informed,basic,no
56,2,5780,Pass,0,0,1,1,9,D:\novelty-benchmark-v2\BuildGames\LevelSet1\Science Birds_Data\StreamingAssets\Levels\novelty_level_0\type010703/Levels/00065_0_1_010703_0_3.xml,training,informed,basic,no
57,3,940,Fail,0,1,1,1,9,D:\novelty-benchmark-v2\BuildGames\LevelSet1\Science Birds_Data\StreamingAssets\Levels\novelty_level_0\type010703/Levels/00178_0_1_010703_0_3.xml,training,informed,basic,no
58,4,510,Fail,0,1,1,1,9,D:\novelty-benchmark-v2\BuildGames\LevelSet1\Science Birds_Data\StreamingAssets\Levels\novelty_level_7\type010703/Levels/00182_0_1_010703_7_3.xml,training,informed,novel,yes
59,5,180,Fail,0,1,1,1,9,D:\novelty-benchmark-v2\BuildGames\LevelSet1\Science Birds_Data\StreamingAssets\Levels\novelty_level_7\type010703/Levels/00288_0_1_010703_7_3.xml,training,informed,novel,yes
60,6,5260,Pass,0,0,1,1,9,D:\novelty-benchmark-v2\BuildGames\LevelSet1\Science Birds_Data\StreamingAssets\Levels\novelty_level_7\type010703/Levels/00205_0_1_010703_7_3.xml,training,informed,novel,yes
61,7,5260,Pass,0,0,1,1,9,D:\novelty-benchmark-v2\BuildGames\LevelSet1\Science Birds_Data\StreamingAssets\Levels\novelty_level_7\type010703/Levels/00062_0_1_010703_7_3.xml,training,informed,novel,yes
62,1,5550,Pass,0,0,1,1,10,D:\novelty-benchmark-v2\BuildGames\LevelSet1\Science Birds_Data\StreamingAssets\Levels\novelty_level_0\type010805/Levels/00186_0_1_010805_0_5.xml,training,informed,basic,no
63,2,6310,Pass,0,0,1,1,10,D:\novelty-benchmark-v2\BuildGames\LevelSet1\Science Birds_Data\StreamingAssets\Levels\novelty_level_0\type010805/Levels/00126_0_1_010805_0_5.xml,training,informed,basic,no
64,3,5830,Pass,0,0,1,1,10,D:\novelty-benchmark-v2\BuildGames\LevelSet1\Science Birds_Data\StreamingAssets\Levels\novelty_level_0\type010805/Levels/00252_0_1_010805_0_5.xml,training,informed,basic,no
65,4,6310,Pass,0,0,1,1,10,D:\novelty-benchmark-v2\BuildGames\LevelSet1\Science Birds_Data\StreamingAssets\Levels\novelty_level_0\type010805/Levels/00126_0_1_010805_0_5.xml,training,informed,basic,no
66,5,1590,Fail,0,1,2,1,10,D:\novelty-benchmark-v2\BuildGames\LevelSet1\Science Birds_Data\StreamingAssets\Levels\novelty_level_8\type010805/Levels/00247_0_1_010805_8_5.xml,training,informed,novel,yes
67,6,6600,Fail,0,1,2,1,10,D:\novelty-benchmark-v2\BuildGames\LevelSet1\Science Birds_Data\StreamingAssets\Levels\novelty_level_8\type010805/Levels/00147_0_1_010805_8_5.xml,training,informed,novel,yes
68,7,6530,Pass,0,0,2,1,10,D:\novelty-benchmark-v2\BuildGames\LevelSet1\Science Birds_Data\StreamingAssets\Levels\novelty_level_8\type010805/Levels/00318_0_1_010805_8_5.xml,training,informed,novel,yes
69,8,16370,Pass,1,0,2,1,10,D:\novelty-benchmark-v2\BuildGames\LevelSet1\Science Birds_Data\StreamingAssets\Levels\novelty_level_8\type010805/Levels/00198_0_1_010805_8_5.xml,training,informed,novel,yes
