EvaluationIndex,LevelIndex,Score,LevelStatus,birdsRemaining,pigsRemaining,birdsAtStart,pigsAtStart, trial,levelName,playStatus,informed,novelty,noveltyDetected
1,1,5610,Pass,0,0,1,1,1,D:\novelty-benchmark-v2\BuildGames\LevelSet3\Science Birds_Data\StreamingAssets\Levels\novelty_level_0\type010103/Levels/00053_0_1_010103_0_3.xml,training,informed,basic,no
2,2,5250,Pass,0,0,1,1,1,D:\novelty-benchmark-v2\BuildGames\LevelSet3\Science Birds_Data\StreamingAssets\Levels\novelty_level_0\type010103/Levels/00019_0_1_010103_0_3.xml,training,informed,basic,no
3,3,0,Fail,0,1,1,1,1,D:\novelty-benchmark-v2\BuildGames\LevelSet3\Science Birds_Data\StreamingAssets\Levels\novelty_level_1\type010103/Levels/00082_0_1_010103_1_3.xml,training,informed,novel,yes
4,4,5210,Pass,0,0,1,1,1,D:\novelty-benchmark-v2\BuildGames\LevelSet3\Science Birds_Data\StreamingAssets\Levels\novelty_level_1\type010103/Levels/00264_0_1_010103_1_3.xml,training,informed,novel,yes
5,5,5670,Pass,0,0,1,1,1,D:\novelty-benchmark-v2\BuildGames\LevelSet3\Science Birds_Data\StreamingAssets\Levels\novelty_level_1\type010103/Levels/00173_0_1_010103_1_3.xml,training,informed,novel,yes
6,6,5090,Pass,0,0,1,1,1,D:\novelty-benchmark-v2\BuildGames\LevelSet3\Science Birds_Data\StreamingAssets\Levels\novelty_level_1\type010103/Levels/00252_0_1_010103_1_3.xml,training,informed,novel,yes
7,1,5070,Pass,0,0,1,1,2,D:\novelty-benchmark-v2\BuildGames\LevelSet3\Science Birds_Data\StreamingAssets\Levels\novelty_level_0\type010301/Levels/00194_0_1_010301_0_1.xml,training,informed,basic,no
8,2,0,Fail,0,1,1,1,2,D:\novelty-benchmark-v2\BuildGames\LevelSet3\Science Birds_Data\StreamingAssets\Levels\novelty_level_0\type010301/Levels/00286_0_1_010301_0_1.xml,training,informed,basic,no
9,3,540,Fail,0,1,1,1,2,D:\novelty-benchmark-v2\BuildGames\LevelSet3\Science Birds_Data\StreamingAssets\Levels\novelty_level_0\type010301/Levels/00283_0_1_010301_0_1.xml,training,informed,basic,no
10,4,5000,Pass,0,0,1,1,2,D:\novelty-benchmark-v2\BuildGames\LevelSet3\Science Birds_Data\StreamingAssets\Levels\novelty_level_0\type010301/Levels/00039_0_1_010301_0_1.xml,training,informed,basic,no
11,5,0,Fail,0,1,1,1,2,D:\novelty-benchmark-v2\BuildGames\LevelSet3\Science Birds_Data\StreamingAssets\Levels\novelty_level_3\type010301/Levels/00268_0_1_010301_3_1.xml,training,informed,novel,yes
12,6,0,Fail,0,1,1,1,2,D:\novelty-benchmark-v2\BuildGames\LevelSet3\Science Birds_Data\StreamingAssets\Levels\novelty_level_3\type010301/Levels/00165_0_1_010301_3_1.xml,training,informed,novel,yes
13,7,5130,Pass,0,0,1,1,2,D:\novelty-benchmark-v2\BuildGames\LevelSet3\Science Birds_Data\StreamingAssets\Levels\novelty_level_3\type010301/Levels/00169_0_1_010301_3_1.xml,training,informed,novel,yes
14,8,0,Fail,0,1,1,1,2,D:\novelty-benchmark-v2\BuildGames\LevelSet3\Science Birds_Data\StreamingAssets\Levels\novelty_level_3\type010301/Levels/00178_0_1_010301_3_1.xml,training,informed,novel,yes
15,1,5760,Pass,0,0,1,1,3,D:\novelty-benchmark-v2\BuildGames\LevelSet3\Science Birds_Data\StreamingAssets\Levels\novelty_level_0\type010205/Levels/00070_0_1_010205_0_5.xml,training,informed,basic,no
16,2,770,Fail,0,0,1,1,3,D:\novelty-benchmark-v2\BuildGames\LevelSet3\Science Birds_Data\StreamingAssets\Levels\novelty_level_0\type010205/Levels/00217_0_1_010205_0_5.xml,training,informed,basic,yes
17,3,6920,Pass,0,0,1,1,3,D:\novelty-benchmark-v2\BuildGames\LevelSet3\Science Birds_Data\StreamingAssets\Levels\novelty_level_0\type010205/Levels/00218_0_1_010205_0_5.xml,training,informed,basic,no
18,4,470,Fail,0,1,1,1,3,D:\novelty-benchmark-v2\BuildGames\LevelSet3\Science Birds_Data\StreamingAssets\Levels\novelty_level_2\type010205/Levels/00108_0_1_010205_2_5.xml,training,informed,novel,yes
19,5,160,Fail,0,1,1,1,3,D:\novelty-benchmark-v2\BuildGames\LevelSet3\Science Birds_Data\StreamingAssets\Levels\novelty_level_2\type010205/Levels/00147_0_1_010205_2_5.xml,training,informed,novel,yes
20,6,650,Fail,0,1,1,1,3,D:\novelty-benchmark-v2\BuildGames\LevelSet3\Science Birds_Data\StreamingAssets\Levels\novelty_level_2\type010205/Levels/00249_0_1_010205_2_5.xml,training,informed,novel,yes
21,7,560,Fail,0,1,1,1,3,D:\novelty-benchmark-v2\BuildGames\LevelSet3\Science Birds_Data\StreamingAssets\Levels\novelty_level_2\type010205/Levels/00064_0_1_010205_2_5.xml,training,informed,novel,yes
22,1,200,Fail,0,1,1,1,4,D:\novelty-benchmark-v2\BuildGames\LevelSet3\Science Birds_Data\StreamingAssets\Levels\novelty_level_0\type010304/Levels/00045_0_1_010304_0_4.xml,training,informed,basic,no
23,2,5350,Pass,0,0,1,1,4,D:\novelty-benchmark-v2\BuildGames\LevelSet3\Science Birds_Data\StreamingAssets\Levels\novelty_level_0\type010304/Levels/00063_0_1_010304_0_4.xml,training,informed,basic,no
24,3,5350,Pass,0,0,1,1,4,D:\novelty-benchmark-v2\BuildGames\LevelSet3\Science Birds_Data\StreamingAssets\Levels\novelty_level_0\type010304/Levels/00104_0_1_010304_0_4.xml,training,informed,basic,no
25,4,5350,Pass,0,0,1,1,4,D:\novelty-benchmark-v2\BuildGames\LevelSet3\Science Birds_Data\StreamingAssets\Levels\novelty_level_0\type010304/Levels/00225_0_1_010304_0_4.xml,training,informed,basic,no
26,5,150,Fail,0,1,1,1,4,D:\novelty-benchmark-v2\BuildGames\LevelSet3\Science Birds_Data\StreamingAssets\Levels\novelty_level_3\type010304/Levels/00037_0_1_010304_3_4.xml,training,informed,novel,yes
27,6,0,Fail,0,1,1,1,4,D:\novelty-benchmark-v2\BuildGames\LevelSet3\Science Birds_Data\StreamingAssets\Levels\novelty_level_3\type010304/Levels/00276_0_1_010304_3_4.xml,training,informed,novel,yes
28,7,130,Fail,0,1,1,1,4,D:\novelty-benchmark-v2\BuildGames\LevelSet3\Science Birds_Data\StreamingAssets\Levels\novelty_level_3\type010304/Levels/00017_0_1_010304_3_4.xml,training,informed,novel,yes
29,8,5550,Pass,0,0,1,1,4,D:\novelty-benchmark-v2\BuildGames\LevelSet3\Science Birds_Data\StreamingAssets\Levels\novelty_level_3\type010304/Levels/00257_0_1_010304_3_4.xml,training,informed,novel,yes
30,1,420,Fail,0,1,1,1,5,D:\novelty-benchmark-v2\BuildGames\LevelSet3\Science Birds_Data\StreamingAssets\Levels\novelty_level_0\type010604/Levels/00266_0_1_010604_0_4.xml,training,informed,basic,no
31,2,270,Fail,0,1,1,1,5,D:\novelty-benchmark-v2\BuildGames\LevelSet3\Science Birds_Data\StreamingAssets\Levels\novelty_level_0\type010604/Levels/00241_0_1_010604_0_4.xml,training,informed,basic,no
32,3,230,Fail,0,1,1,1,5,D:\novelty-benchmark-v2\BuildGames\LevelSet3\Science Birds_Data\StreamingAssets\Levels\novelty_level_6\type010604/Levels/00127_0_1_010604_6_4.xml,training,informed,novel,yes
33,4,270,Fail,0,1,1,1,5,D:\novelty-benchmark-v2\BuildGames\LevelSet3\Science Birds_Data\StreamingAssets\Levels\novelty_level_6\type010604/Levels/00229_0_1_010604_6_4.xml,training,informed,novel,yes
34,5,560,Fail,0,1,1,1,5,D:\novelty-benchmark-v2\BuildGames\LevelSet3\Science Birds_Data\StreamingAssets\Levels\novelty_level_6\type010604/Levels/00260_0_1_010604_6_4.xml,training,informed,novel,yes
35,6,60,Fail,0,1,1,1,5,D:\novelty-benchmark-v2\BuildGames\LevelSet3\Science Birds_Data\StreamingAssets\Levels\novelty_level_6\type010604/Levels/00346_0_1_010604_6_4.xml,training,informed,novel,yes
36,1,1450,Fail,0,1,3,1,6,D:\novelty-benchmark-v2\BuildGames\LevelSet3\Science Birds_Data\StreamingAssets\Levels\novelty_level_0\type010402/Levels/00270_0_1_010402_0_2.xml,training,informed,basic,no
37,2,8640,Pass,0,0,3,1,6,D:\novelty-benchmark-v2\BuildGames\LevelSet3\Science Birds_Data\StreamingAssets\Levels\novelty_level_0\type010402/Levels/00345_0_1_010402_0_2.xml,training,informed,basic,no
38,3,3170,Fail,0,1,2,1,6,D:\novelty-benchmark-v2\BuildGames\LevelSet3\Science Birds_Data\StreamingAssets\Levels\novelty_level_4\type010402/Levels/00280_0_1_010402_4_2.xml,training,informed,novel,yes
39,4,10190,Pass,0,0,2,1,6,D:\novelty-benchmark-v2\BuildGames\LevelSet3\Science Birds_Data\StreamingAssets\Levels\novelty_level_4\type010402/Levels/00204_0_1_010402_4_2.xml,training,informed,novel,yes
40,5,3260,Fail,0,1,2,1,6,D:\novelty-benchmark-v2\BuildGames\LevelSet3\Science Birds_Data\StreamingAssets\Levels\novelty_level_4\type010402/Levels/00177_0_1_010402_4_2.xml,training,informed,novel,yes
41,6,4400,Fail,0,1,2,1,6,D:\novelty-benchmark-v2\BuildGames\LevelSet3\Science Birds_Data\StreamingAssets\Levels\novelty_level_4\type010402/Levels/00023_0_1_010402_4_2.xml,training,informed,novel,yes
42,1,480,Fail,0,1,1,1,7,D:\novelty-benchmark-v2\BuildGames\LevelSet3\Science Birds_Data\StreamingAssets\Levels\novelty_level_0\type010505/Levels/00300_0_1_010505_0_5.xml,training,informed,basic,no
43,2,230,Fail,0,1,1,1,7,D:\novelty-benchmark-v2\BuildGames\LevelSet3\Science Birds_Data\StreamingAssets\Levels\novelty_level_0\type010505/Levels/00009_0_1_010505_0_5.xml,training,informed,basic,no
44,3,5350,Pass,0,0,1,1,7,D:\novelty-benchmark-v2\BuildGames\LevelSet3\Science Birds_Data\StreamingAssets\Levels\novelty_level_5\type010505/Levels/00073_0_1_010505_5_5.xml,training,informed,novel,yes
45,4,220,Fail,0,1,1,1,7,D:\novelty-benchmark-v2\BuildGames\LevelSet3\Science Birds_Data\StreamingAssets\Levels\novelty_level_5\type010505/Levels/00243_0_1_010505_5_5.xml,training,informed,novel,yes
46,5,210,Fail,0,1,1,1,7,D:\novelty-benchmark-v2\BuildGames\LevelSet3\Science Birds_Data\StreamingAssets\Levels\novelty_level_5\type010505/Levels/00148_0_1_010505_5_5.xml,training,informed,novel,yes
47,6,180,Fail,0,1,1,1,7,D:\novelty-benchmark-v2\BuildGames\LevelSet3\Science Birds_Data\StreamingAssets\Levels\novelty_level_5\type010505/Levels/00253_0_1_010505_5_5.xml,training,informed,novel,yes
48,1,5000,Pass,0,0,1,1,8,D:\novelty-benchmark-v2\BuildGames\LevelSet3\Science Birds_Data\StreamingAssets\Levels\novelty_level_0\type010601/Levels/00200_0_1_010601_0_1.xml,training,informed,basic,no
49,2,5000,Pass,0,0,1,1,8,D:\novelty-benchmark-v2\BuildGames\LevelSet3\Science Birds_Data\StreamingAssets\Levels\novelty_level_0\type010601/Levels/00324_0_1_010601_0_1.xml,training,informed,basic,no
50,3,0,Fail,0,1,1,1,8,D:\novelty-benchmark-v2\BuildGames\LevelSet3\Science Birds_Data\StreamingAssets\Levels\novelty_level_6\type010601/Levels/00112_0_1_010601_6_1.xml,training,informed,novel,yes
51,4,5000,Pass,0,0,1,1,8,D:\novelty-benchmark-v2\BuildGames\LevelSet3\Science Birds_Data\StreamingAssets\Levels\novelty_level_6\type010601/Levels/00006_0_1_010601_6_1.xml,training,informed,novel,yes
52,5,5000,Pass,0,0,1,1,8,D:\novelty-benchmark-v2\BuildGames\LevelSet3\Science Birds_Data\StreamingAssets\Levels\novelty_level_6\type010601/Levels/00074_0_1_010601_6_1.xml,training,informed,novel,yes
53,6,5000,Pass,0,0,1,1,8,D:\novelty-benchmark-v2\BuildGames\LevelSet3\Science Birds_Data\StreamingAssets\Levels\novelty_level_6\type010601/Levels/00216_0_1_010601_6_1.xml,training,informed,novel,yes
54,1,1210,Fail,0,1,3,1,9,D:\novelty-benchmark-v2\BuildGames\LevelSet3\Science Birds_Data\StreamingAssets\Levels\novelty_level_0\type010702/Levels/00195_0_1_010702_0_2.xml,training,informed,basic,no
55,2,8220,Pass,0,0,3,1,9,D:\novelty-benchmark-v2\BuildGames\LevelSet3\Science Birds_Data\StreamingAssets\Levels\novelty_level_0\type010702/Levels/00185_0_1_010702_0_2.xml,training,informed,basic,no
56,3,1490,Fail,0,1,2,1,9,D:\novelty-benchmark-v2\BuildGames\LevelSet3\Science Birds_Data\StreamingAssets\Levels\novelty_level_7\type010702/Levels/00347_0_1_010702_7_2.xml,training,informed,novel,yes
57,4,0,Fail,0,1,2,1,9,D:\novelty-benchmark-v2\BuildGames\LevelSet3\Science Birds_Data\StreamingAssets\Levels\novelty_level_7\type010702/Levels/00313_0_1_010702_7_2.xml,training,informed,novel,yes
58,5,0,Fail,0,1,2,1,9,D:\novelty-benchmark-v2\BuildGames\LevelSet3\Science Birds_Data\StreamingAssets\Levels\novelty_level_7\type010702/Levels/00184_0_1_010702_7_2.xml,training,informed,novel,yes
59,6,2050,Fail,0,1,2,1,9,D:\novelty-benchmark-v2\BuildGames\LevelSet3\Science Birds_Data\StreamingAssets\Levels\novelty_level_7\type010702/Levels/00081_0_1_010702_7_2.xml,training,informed,novel,yes
60,1,310,Fail,0,1,1,1,10,D:\novelty-benchmark-v2\BuildGames\LevelSet3\Science Birds_Data\StreamingAssets\Levels\novelty_level_0\type010803/Levels/00227_0_1_010803_0_3.xml,training,informed,basic,no
61,2,5370,Pass,0,0,1,1,10,D:\novelty-benchmark-v2\BuildGames\LevelSet3\Science Birds_Data\StreamingAssets\Levels\novelty_level_0\type010803/Levels/00269_0_1_010803_0_3.xml,training,informed,basic,no
62,3,6250,Pass,0,0,2,1,10,D:\novelty-benchmark-v2\BuildGames\LevelSet3\Science Birds_Data\StreamingAssets\Levels\novelty_level_8\type010803/Levels/00189_0_1_010803_8_3.xml,training,informed,novel,yes
63,4,6300,Pass,0,0,2,1,10,D:\novelty-benchmark-v2\BuildGames\LevelSet3\Science Birds_Data\StreamingAssets\Levels\novelty_level_8\type010803/Levels/00106_0_1_010803_8_3.xml,training,informed,novel,yes
64,5,6660,Pass,0,0,2,1,10,D:\novelty-benchmark-v2\BuildGames\LevelSet3\Science Birds_Data\StreamingAssets\Levels\novelty_level_8\type010803/Levels/00018_0_1_010803_8_3.xml,training,informed,novel,yes
65,6,460,Fail,0,1,2,1,10,D:\novelty-benchmark-v2\BuildGames\LevelSet3\Science Birds_Data\StreamingAssets\Levels\novelty_level_8\type010803/Levels/00013_0_1_010803_8_3.xml,training,informed,novel,yes
