EvaluationIndex,LevelIndex,Score,LevelStatus,birdsRemaining,pigsRemaining,birdsAtStart,pigsAtStart, trial,levelName,playStatus,informed,novelty,noveltyDetected
1,1,5070,Pass,0,0,1,1,1,E:\Novelty Benchmark Human Evaluation\LevelSet2\Science Birds_Data\StreamingAssets\Levels\novelty_level_0\type010401/Levels/00302_0_1_010401_0_1.xml,training,informed,basic,no
2,2,5000,Pass,0,0,1,1,1,E:\Novelty Benchmark Human Evaluation\LevelSet2\Science Birds_Data\StreamingAssets\Levels\novelty_level_0\type010401/Levels/00309_0_1_010401_0_1.xml,training,informed,basic,no
3,3,5120,Pass,0,0,1,1,1,E:\Novelty Benchmark Human Evaluation\LevelSet2\Science Birds_Data\StreamingAssets\Levels\novelty_level_0\type010401/Levels/00170_0_1_010401_0_1.xml,training,informed,basic,no
4,4,10180,Pass,0,0,1,1,1,E:\Novelty Benchmark Human Evaluation\LevelSet2\Science Birds_Data\StreamingAssets\Levels\novelty_level_0\type010401/Levels/00287_0_1_010401_0_1.xml,training,informed,basic,no
5,5,2550,Fail,0,1,1,1,1,E:\Novelty Benchmark Human Evaluation\LevelSet2\Science Birds_Data\StreamingAssets\Levels\novelty_level_4\type010401/Levels/00345_0_1_010401_4_1.xml,training,informed,novel,yes
6,6,5000,Pass,0,0,1,1,1,E:\Novelty Benchmark Human Evaluation\LevelSet2\Science Birds_Data\StreamingAssets\Levels\novelty_level_4\type010401/Levels/00230_0_1_010401_4_1.xml,training,informed,novel,yes
7,7,5000,Pass,0,1,1,1,1,E:\Novelty Benchmark Human Evaluation\LevelSet2\Science Birds_Data\StreamingAssets\Levels\novelty_level_4\type010401/Levels/00325_0_1_010401_4_1.xml,training,informed,novel,yes
8,8,5410,Pass,0,0,1,1,1,E:\Novelty Benchmark Human Evaluation\LevelSet2\Science Birds_Data\StreamingAssets\Levels\novelty_level_4\type010401/Levels/00157_0_1_010401_4_1.xml,training,informed,novel,yes
9,1,4070,Fail,0,1,3,1,2,E:\Novelty Benchmark Human Evaluation\LevelSet2\Science Birds_Data\StreamingAssets\Levels\novelty_level_0\type010102/Levels/00202_0_1_010102_0_2.xml,training,informed,basic,no
10,2,7200,Pass,0,0,3,1,2,E:\Novelty Benchmark Human Evaluation\LevelSet2\Science Birds_Data\StreamingAssets\Levels\novelty_level_0\type010102/Levels/00110_0_1_010102_0_2.xml,training,informed,basic,no
11,3,8570,Pass,0,0,3,1,2,E:\Novelty Benchmark Human Evaluation\LevelSet2\Science Birds_Data\StreamingAssets\Levels\novelty_level_1\type010102/Levels/00100_0_1_010102_1_2.xml,training,informed,novel,yes
12,4,7200,Pass,0,0,3,1,2,E:\Novelty Benchmark Human Evaluation\LevelSet2\Science Birds_Data\StreamingAssets\Levels\novelty_level_1\type010102/Levels/00037_0_1_010102_1_2.xml,training,informed,novel,yes
13,5,7740,Pass,0,0,3,1,2,E:\Novelty Benchmark Human Evaluation\LevelSet2\Science Birds_Data\StreamingAssets\Levels\novelty_level_1\type010102/Levels/00108_0_1_010102_1_2.xml,training,informed,novel,yes
14,6,7260,Pass,0,0,3,1,2,E:\Novelty Benchmark Human Evaluation\LevelSet2\Science Birds_Data\StreamingAssets\Levels\novelty_level_1\type010102/Levels/00288_0_1_010102_1_2.xml,training,informed,novel,yes
15,1,7850,Pass,0,1,1,1,3,E:\Novelty Benchmark Human Evaluation\LevelSet2\Science Birds_Data\StreamingAssets\Levels\novelty_level_0\type010203/Levels/00257_0_1_010203_0_3.xml,training,informed,basic,no
16,2,5380,Pass,0,0,1,1,3,E:\Novelty Benchmark Human Evaluation\LevelSet2\Science Birds_Data\StreamingAssets\Levels\novelty_level_0\type010203/Levels/00126_0_1_010203_0_3.xml,training,informed,basic,no
17,3,5520,Pass,0,0,1,1,3,E:\Novelty Benchmark Human Evaluation\LevelSet2\Science Birds_Data\StreamingAssets\Levels\novelty_level_0\type010203/Levels/00283_0_1_010203_0_3.xml,training,informed,basic,no
18,4,6190,Pass,0,0,1,1,3,E:\Novelty Benchmark Human Evaluation\LevelSet2\Science Birds_Data\StreamingAssets\Levels\novelty_level_2\type010203/Levels/00238_0_1_010203_2_3.xml,training,informed,novel,yes
19,5,6740,Pass,0,0,1,1,3,E:\Novelty Benchmark Human Evaluation\LevelSet2\Science Birds_Data\StreamingAssets\Levels\novelty_level_2\type010203/Levels/00041_0_1_010203_2_3.xml,training,informed,novel,yes
20,6,6470,Pass,0,0,1,1,3,E:\Novelty Benchmark Human Evaluation\LevelSet2\Science Birds_Data\StreamingAssets\Levels\novelty_level_2\type010203/Levels/00198_0_1_010203_2_3.xml,training,informed,novel,yes
21,7,6070,Pass,0,0,1,1,3,E:\Novelty Benchmark Human Evaluation\LevelSet2\Science Birds_Data\StreamingAssets\Levels\novelty_level_2\type010203/Levels/00125_0_1_010203_2_3.xml,training,informed,novel,yes
22,1,5150,Pass,0,0,1,1,4,E:\Novelty Benchmark Human Evaluation\LevelSet2\Science Birds_Data\StreamingAssets\Levels\novelty_level_0\type010305/Levels/00014_0_1_010305_0_5.xml,training,informed,basic,no
23,2,5300,Pass,0,0,1,1,4,E:\Novelty Benchmark Human Evaluation\LevelSet2\Science Birds_Data\StreamingAssets\Levels\novelty_level_0\type010305/Levels/00252_0_1_010305_0_5.xml,training,informed,basic,no
24,3,5400,Pass,0,1,1,1,4,E:\Novelty Benchmark Human Evaluation\LevelSet2\Science Birds_Data\StreamingAssets\Levels\novelty_level_0\type010305/Levels/00128_0_1_010305_0_5.xml,training,informed,basic,no
25,4,5420,Pass,0,0,1,1,4,E:\Novelty Benchmark Human Evaluation\LevelSet2\Science Birds_Data\StreamingAssets\Levels\novelty_level_0\type010305/Levels/00140_0_1_010305_0_5.xml,training,informed,basic,no
26,5,1020,Fail,0,1,1,1,4,E:\Novelty Benchmark Human Evaluation\LevelSet2\Science Birds_Data\StreamingAssets\Levels\novelty_level_3\type010305/Levels/00042_0_1_010305_3_5.xml,training,informed,novel,yes
27,6,5460,Pass,0,0,1,1,4,E:\Novelty Benchmark Human Evaluation\LevelSet2\Science Birds_Data\StreamingAssets\Levels\novelty_level_3\type010305/Levels/00157_0_1_010305_3_5.xml,training,informed,novel,yes
28,7,5200,Pass,0,0,1,1,4,E:\Novelty Benchmark Human Evaluation\LevelSet2\Science Birds_Data\StreamingAssets\Levels\novelty_level_3\type010305/Levels/00121_0_1_010305_3_5.xml,training,informed,novel,yes
29,8,5410,Pass,0,0,1,1,4,E:\Novelty Benchmark Human Evaluation\LevelSet2\Science Birds_Data\StreamingAssets\Levels\novelty_level_3\type010305/Levels/00082_0_1_010305_3_5.xml,training,informed,novel,yes
30,1,5460,Pass,0,0,1,1,5,E:\Novelty Benchmark Human Evaluation\LevelSet2\Science Birds_Data\StreamingAssets\Levels\novelty_level_0\type010804/Levels/00325_0_1_010804_0_4.xml,training,informed,basic,no
31,2,5350,Pass,0,1,1,1,5,E:\Novelty Benchmark Human Evaluation\LevelSet2\Science Birds_Data\StreamingAssets\Levels\novelty_level_0\type010804/Levels/00070_0_1_010804_0_4.xml,training,informed,basic,no
32,3,5930,Pass,0,0,2,1,5,E:\Novelty Benchmark Human Evaluation\LevelSet2\Science Birds_Data\StreamingAssets\Levels\novelty_level_8\type010804/Levels/00286_0_1_010804_8_4.xml,training,informed,novel,yes
33,4,5480,Pass,0,0,2,1,5,E:\Novelty Benchmark Human Evaluation\LevelSet2\Science Birds_Data\StreamingAssets\Levels\novelty_level_8\type010804/Levels/00039_0_1_010804_8_4.xml,training,informed,novel,yes
34,5,5230,Pass,0,0,2,1,5,E:\Novelty Benchmark Human Evaluation\LevelSet2\Science Birds_Data\StreamingAssets\Levels\novelty_level_8\type010804/Levels/00062_0_1_010804_8_4.xml,training,informed,novel,yes
35,6,5690,Pass,0,0,2,1,5,E:\Novelty Benchmark Human Evaluation\LevelSet2\Science Birds_Data\StreamingAssets\Levels\novelty_level_8\type010804/Levels/00350_0_1_010804_8_4.xml,training,informed,novel,yes
36,1,5450,Pass,0,0,1,1,6,E:\Novelty Benchmark Human Evaluation\LevelSet2\Science Birds_Data\StreamingAssets\Levels\novelty_level_0\type010204/Levels/00201_0_1_010204_0_4.xml,training,informed,basic,no
37,2,5080,Pass,0,0,1,1,6,E:\Novelty Benchmark Human Evaluation\LevelSet2\Science Birds_Data\StreamingAssets\Levels\novelty_level_0\type010204/Levels/00108_0_1_010204_0_4.xml,training,informed,basic,no
38,3,40,Fail,0,1,1,1,6,E:\Novelty Benchmark Human Evaluation\LevelSet2\Science Birds_Data\StreamingAssets\Levels\novelty_level_0\type010204/Levels/00086_0_1_010204_0_4.xml,training,informed,basic,no
39,4,5380,Pass,0,0,1,1,6,E:\Novelty Benchmark Human Evaluation\LevelSet2\Science Birds_Data\StreamingAssets\Levels\novelty_level_2\type010204/Levels/00059_0_1_010204_2_4.xml,training,informed,novel,yes
40,5,5190,Pass,0,0,1,1,6,E:\Novelty Benchmark Human Evaluation\LevelSet2\Science Birds_Data\StreamingAssets\Levels\novelty_level_2\type010204/Levels/00103_0_1_010204_2_4.xml,training,informed,novel,yes
41,6,5190,Pass,0,1,1,1,6,E:\Novelty Benchmark Human Evaluation\LevelSet2\Science Birds_Data\StreamingAssets\Levels\novelty_level_2\type010204/Levels/00285_0_1_010204_2_4.xml,training,informed,novel,yes
42,7,7180,Pass,0,0,1,1,6,E:\Novelty Benchmark Human Evaluation\LevelSet2\Science Birds_Data\StreamingAssets\Levels\novelty_level_2\type010204/Levels/00332_0_1_010204_2_4.xml,training,informed,novel,yes
43,1,7600,Pass,0,0,3,1,7,E:\Novelty Benchmark Human Evaluation\LevelSet2\Science Birds_Data\StreamingAssets\Levels\novelty_level_0\type010502/Levels/00023_0_1_010502_0_2.xml,training,informed,basic,no
44,2,9390,Pass,0,0,3,1,7,E:\Novelty Benchmark Human Evaluation\LevelSet2\Science Birds_Data\StreamingAssets\Levels\novelty_level_0\type010502/Levels/00161_0_1_010502_0_2.xml,training,informed,basic,no
45,3,7940,Pass,0,0,3,1,7,E:\Novelty Benchmark Human Evaluation\LevelSet2\Science Birds_Data\StreamingAssets\Levels\novelty_level_5\type010502/Levels/00167_0_1_010502_5_2.xml,training,informed,novel,yes
46,4,9840,Pass,0,0,3,1,7,E:\Novelty Benchmark Human Evaluation\LevelSet2\Science Birds_Data\StreamingAssets\Levels\novelty_level_5\type010502/Levels/00036_0_1_010502_5_2.xml,training,informed,novel,yes
47,5,8410,Pass,0,0,3,1,7,E:\Novelty Benchmark Human Evaluation\LevelSet2\Science Birds_Data\StreamingAssets\Levels\novelty_level_5\type010502/Levels/00143_0_1_010502_5_2.xml,training,informed,novel,yes
48,6,7770,Pass,0,0,3,1,7,E:\Novelty Benchmark Human Evaluation\LevelSet2\Science Birds_Data\StreamingAssets\Levels\novelty_level_5\type010502/Levels/00161_0_1_010502_5_2.xml,training,informed,novel,yes
49,1,5000,Pass,0,0,1,1,8,E:\Novelty Benchmark Human Evaluation\LevelSet2\Science Birds_Data\StreamingAssets\Levels\novelty_level_0\type010603/Levels/00169_0_1_010603_0_3.xml,training,informed,basic,no
50,2,5160,Pass,0,0,1,1,8,E:\Novelty Benchmark Human Evaluation\LevelSet2\Science Birds_Data\StreamingAssets\Levels\novelty_level_0\type010603/Levels/00189_0_1_010603_0_3.xml,training,informed,basic,no
51,3,5230,Pass,0,0,1,1,8,E:\Novelty Benchmark Human Evaluation\LevelSet2\Science Birds_Data\StreamingAssets\Levels\novelty_level_6\type010603/Levels/00183_0_1_010603_6_3.xml,training,informed,novel,yes
52,4,5400,Pass,0,0,1,1,8,E:\Novelty Benchmark Human Evaluation\LevelSet2\Science Birds_Data\StreamingAssets\Levels\novelty_level_6\type010603/Levels/00022_0_1_010603_6_3.xml,training,informed,novel,yes
53,5,5500,Pass,0,0,1,1,8,E:\Novelty Benchmark Human Evaluation\LevelSet2\Science Birds_Data\StreamingAssets\Levels\novelty_level_6\type010603/Levels/00219_0_1_010603_6_3.xml,training,informed,novel,yes
54,6,5200,Pass,0,0,1,1,8,E:\Novelty Benchmark Human Evaluation\LevelSet2\Science Birds_Data\StreamingAssets\Levels\novelty_level_6\type010603/Levels/00209_0_1_010603_6_3.xml,training,informed,novel,yes
55,1,5320,Pass,0,0,1,1,9,E:\Novelty Benchmark Human Evaluation\LevelSet2\Science Birds_Data\StreamingAssets\Levels\novelty_level_0\type010705/Levels/00346_0_1_010705_0_5.xml,training,informed,basic,no
56,2,6160,Pass,0,0,1,1,9,E:\Novelty Benchmark Human Evaluation\LevelSet2\Science Birds_Data\StreamingAssets\Levels\novelty_level_0\type010705/Levels/00204_0_1_010705_0_5.xml,training,informed,basic,no
57,3,750,Fail,0,1,1,1,9,E:\Novelty Benchmark Human Evaluation\LevelSet2\Science Birds_Data\StreamingAssets\Levels\novelty_level_7\type010705/Levels/00176_0_1_010705_7_5.xml,training,informed,novel,yes
58,4,5980,Pass,0,0,1,1,9,E:\Novelty Benchmark Human Evaluation\LevelSet2\Science Birds_Data\StreamingAssets\Levels\novelty_level_7\type010705/Levels/00331_0_1_010705_7_5.xml,training,informed,novel,yes
59,5,6370,Pass,0,0,1,1,9,E:\Novelty Benchmark Human Evaluation\LevelSet2\Science Birds_Data\StreamingAssets\Levels\novelty_level_7\type010705/Levels/00107_0_1_010705_7_5.xml,training,informed,novel,yes
60,6,5810,Pass,0,0,1,1,9,E:\Novelty Benchmark Human Evaluation\LevelSet2\Science Birds_Data\StreamingAssets\Levels\novelty_level_7\type010705/Levels/00063_0_1_010705_7_5.xml,training,informed,novel,yes
61,1,5000,Pass,0,0,1,1,10,E:\Novelty Benchmark Human Evaluation\LevelSet2\Science Birds_Data\StreamingAssets\Levels\novelty_level_0\type010801/Levels/00165_0_1_010801_0_1.xml,training,informed,basic,no
62,2,5000,Pass,0,0,1,1,10,E:\Novelty Benchmark Human Evaluation\LevelSet2\Science Birds_Data\StreamingAssets\Levels\novelty_level_0\type010801/Levels/00338_0_1_010801_0_1.xml,training,informed,basic,no
63,3,5100,Pass,0,0,1,1,10,E:\Novelty Benchmark Human Evaluation\LevelSet2\Science Birds_Data\StreamingAssets\Levels\novelty_level_0\type010801/Levels/00343_0_1_010801_0_1.xml,training,informed,basic,no
64,4,-170,Fail,0,1,2,1,10,E:\Novelty Benchmark Human Evaluation\LevelSet2\Science Birds_Data\StreamingAssets\Levels\novelty_level_8\type010801/Levels/00040_0_1_010801_8_1.xml,training,informed,novel,yes
65,5,14980,Pass,0,1,2,1,10,E:\Novelty Benchmark Human Evaluation\LevelSet2\Science Birds_Data\StreamingAssets\Levels\novelty_level_8\type010801/Levels/00325_0_1_010801_8_1.xml,training,informed,novel,yes
66,6,5140,Pass,0,0,2,1,10,E:\Novelty Benchmark Human Evaluation\LevelSet2\Science Birds_Data\StreamingAssets\Levels\novelty_level_8\type010801/Levels/00082_0_1_010801_8_1.xml,training,informed,novel,yes
67,7,14830,Pass,1,0,2,1,10,E:\Novelty Benchmark Human Evaluation\LevelSet2\Science Birds_Data\StreamingAssets\Levels\novelty_level_8\type010801/Levels/00223_0_1_010801_8_1.xml,training,informed,novel,yes
