EvaluationIndex,LevelIndex,Score,LevelStatus,birdsRemaining,pigsRemaining,birdsAtStart,pigsAtStart, trial,levelName,playStatus,informed,novelty,noveltyDetected
1,1,,,,,,,,C:\Users\Cheng\Documents\novelty-benchmark-v2\BuildGames\BuildGames\LevelSet1\Science Birds_Data\StreamingAssets\Levels\novelty_level_0\type010101/Levels/00230_0_1_010101_0_1.xml,training,informed,basic,no
2,2,,,,,,,,C:\Users\Cheng\Documents\novelty-benchmark-v2\BuildGames\BuildGames\LevelSet1\Science Birds_Data\StreamingAssets\Levels\novelty_level_0\type010101/Levels/00027_0_1_010101_0_1.xml,training,informed,basic,no
3,3,,,,,,,,C:\Users\Cheng\Documents\novelty-benchmark-v2\BuildGames\BuildGames\LevelSet1\Science Birds_Data\StreamingAssets\Levels\novelty_level_0\type010101/Levels/00071_0_1_010101_0_1.xml,training,informed,basic,no
4,4,,,,,,,,C:\Users\Cheng\Documents\novelty-benchmark-v2\BuildGames\BuildGames\LevelSet1\Science Birds_Data\StreamingAssets\Levels\novelty_level_0\type010101/Levels/00030_0_1_010101_0_1.xml,training,informed,basic,no
5,5,,,,,,,,C:\Users\Cheng\Documents\novelty-benchmark-v2\BuildGames\BuildGames\LevelSet1\Science Birds_Data\StreamingAssets\Levels\novelty_level_1\type010101/Levels/00087_0_1_010101_1_1.xml,training,informed,novel,yes
6,6,,,,,,,,C:\Users\Cheng\Documents\novelty-benchmark-v2\BuildGames\BuildGames\LevelSet1\Science Birds_Data\StreamingAssets\Levels\novelty_level_1\type010101/Levels/00318_0_1_010101_1_1.xml,training,informed,novel,yes
7,7,,,,,,,,C:\Users\Cheng\Documents\novelty-benchmark-v2\BuildGames\BuildGames\LevelSet1\Science Birds_Data\StreamingAssets\Levels\novelty_level_1\type010101/Levels/00114_0_1_010101_1_1.xml,training,informed,novel,yes
8,8,,,,,,,,C:\Users\Cheng\Documents\novelty-benchmark-v2\BuildGames\BuildGames\LevelSet1\Science Birds_Data\StreamingAssets\Levels\novelty_level_1\type010101/Levels/00013_0_1_010101_1_1.xml,training,informed,novel,yes
9,1,,,,,,,,C:\Users\Cheng\Documents\novelty-benchmark-v2\BuildGames\BuildGames\LevelSet1\Science Birds_Data\StreamingAssets\Levels\novelty_level_0\type010104/Levels/00027_0_1_010104_0_4.xml,training,informed,basic,no
10,2,,,,,,,,C:\Users\Cheng\Documents\novelty-benchmark-v2\BuildGames\BuildGames\LevelSet1\Science Birds_Data\StreamingAssets\Levels\novelty_level_0\type010104/Levels/00128_0_1_010104_0_4.xml,training,informed,basic,no
11,3,,,,,,,,C:\Users\Cheng\Documents\novelty-benchmark-v2\BuildGames\BuildGames\LevelSet1\Science Birds_Data\StreamingAssets\Levels\novelty_level_1\type010104/Levels/00088_0_1_010104_1_4.xml,training,informed,novel,no
12,4,,,,,,,,C:\Users\Cheng\Documents\novelty-benchmark-v2\BuildGames\BuildGames\LevelSet1\Science Birds_Data\StreamingAssets\Levels\novelty_level_1\type010104/Levels/00080_0_1_010104_1_4.xml,training,informed,novel,yes
13,5,,,,,,,,C:\Users\Cheng\Documents\novelty-benchmark-v2\BuildGames\BuildGames\LevelSet1\Science Birds_Data\StreamingAssets\Levels\novelty_level_1\type010104/Levels/00119_0_1_010104_1_4.xml,training,informed,novel,yes
14,6,,,,,,,,C:\Users\Cheng\Documents\novelty-benchmark-v2\BuildGames\BuildGames\LevelSet1\Science Birds_Data\StreamingAssets\Levels\novelty_level_1\type010104/Levels/00280_0_1_010104_1_4.xml,training,informed,novel,yes
15,1,,,,,,,,C:\Users\Cheng\Documents\novelty-benchmark-v2\BuildGames\BuildGames\LevelSet1\Science Birds_Data\StreamingAssets\Levels\novelty_level_0\type010202/Levels/00123_0_1_010202_0_2.xml,training,informed,basic,no
16,2,,,,,,,,C:\Users\Cheng\Documents\novelty-benchmark-v2\BuildGames\BuildGames\LevelSet1\Science Birds_Data\StreamingAssets\Levels\novelty_level_0\type010202/Levels/00168_0_1_010202_0_2.xml,training,informed,basic,no
17,3,,,,,,,,C:\Users\Cheng\Documents\novelty-benchmark-v2\BuildGames\BuildGames\LevelSet1\Science Birds_Data\StreamingAssets\Levels\novelty_level_2\type010202/Levels/00271_0_1_010202_2_2.xml,training,informed,novel,yes
18,4,,,,,,,,C:\Users\Cheng\Documents\novelty-benchmark-v2\BuildGames\BuildGames\LevelSet1\Science Birds_Data\StreamingAssets\Levels\novelty_level_2\type010202/Levels/00318_0_1_010202_2_2.xml,training,informed,novel,yes
19,5,,,,,,,,C:\Users\Cheng\Documents\novelty-benchmark-v2\BuildGames\BuildGames\LevelSet1\Science Birds_Data\StreamingAssets\Levels\novelty_level_2\type010202/Levels/00293_0_1_010202_2_2.xml,training,informed,novel,yes
20,6,,,,,,,,C:\Users\Cheng\Documents\novelty-benchmark-v2\BuildGames\BuildGames\LevelSet1\Science Birds_Data\StreamingAssets\Levels\novelty_level_2\type010202/Levels/00152_0_1_010202_2_2.xml,training,informed,novel,yes
21,1,,,,,,,,C:\Users\Cheng\Documents\novelty-benchmark-v2\BuildGames\BuildGames\LevelSet1\Science Birds_Data\StreamingAssets\Levels\novelty_level_0\type010303/Levels/00092_0_1_010303_0_3.xml,training,informed,basic,no
22,2,,,,,,,,C:\Users\Cheng\Documents\novelty-benchmark-v2\BuildGames\BuildGames\LevelSet1\Science Birds_Data\StreamingAssets\Levels\novelty_level_0\type010303/Levels/00176_0_1_010303_0_3.xml,training,informed,basic,no
23,3,,,,,,,,C:\Users\Cheng\Documents\novelty-benchmark-v2\BuildGames\BuildGames\LevelSet1\Science Birds_Data\StreamingAssets\Levels\novelty_level_3\type010303/Levels/00082_0_1_010303_3_3.xml,training,informed,novel,yes
24,4,,,,,,,,C:\Users\Cheng\Documents\novelty-benchmark-v2\BuildGames\BuildGames\LevelSet1\Science Birds_Data\StreamingAssets\Levels\novelty_level_3\type010303/Levels/00195_0_1_010303_3_3.xml,training,informed,novel,yes
25,5,,,,,,,,C:\Users\Cheng\Documents\novelty-benchmark-v2\BuildGames\BuildGames\LevelSet1\Science Birds_Data\StreamingAssets\Levels\novelty_level_3\type010303/Levels/00098_0_1_010303_3_3.xml,training,informed,novel,yes
26,6,,,,,,,,C:\Users\Cheng\Documents\novelty-benchmark-v2\BuildGames\BuildGames\LevelSet1\Science Birds_Data\StreamingAssets\Levels\novelty_level_3\type010303/Levels/00214_0_1_010303_3_3.xml,training,informed,novel,yes
27,1,,,,,,,,C:\Users\Cheng\Documents\novelty-benchmark-v2\BuildGames\BuildGames\LevelSet1\Science Birds_Data\StreamingAssets\Levels\novelty_level_0\type010704/Levels/00301_0_1_010704_0_4.xml,training,informed,basic,no
28,2,,,,,,,,C:\Users\Cheng\Documents\novelty-benchmark-v2\BuildGames\BuildGames\LevelSet1\Science Birds_Data\StreamingAssets\Levels\novelty_level_0\type010704/Levels/00016_0_1_010704_0_4.xml,training,informed,basic,yes
29,3,,,,,,,,C:\Users\Cheng\Documents\novelty-benchmark-v2\BuildGames\BuildGames\LevelSet1\Science Birds_Data\StreamingAssets\Levels\novelty_level_0\type010704/Levels/00153_0_1_010704_0_4.xml,training,informed,basic,yes
30,4,,,,,,,,C:\Users\Cheng\Documents\novelty-benchmark-v2\BuildGames\BuildGames\LevelSet1\Science Birds_Data\StreamingAssets\Levels\novelty_level_7\type010704/Levels/00092_0_1_010704_7_4.xml,training,informed,novel,yes
31,5,,,,,,,,C:\Users\Cheng\Documents\novelty-benchmark-v2\BuildGames\BuildGames\LevelSet1\Science Birds_Data\StreamingAssets\Levels\novelty_level_7\type010704/Levels/00020_0_1_010704_7_4.xml,training,informed,novel,yes
32,6,,,,,,,,C:\Users\Cheng\Documents\novelty-benchmark-v2\BuildGames\BuildGames\LevelSet1\Science Birds_Data\StreamingAssets\Levels\novelty_level_7\type010704/Levels/00127_0_1_010704_7_4.xml,training,informed,novel,yes
33,7,,,,,,,,C:\Users\Cheng\Documents\novelty-benchmark-v2\BuildGames\BuildGames\LevelSet1\Science Birds_Data\StreamingAssets\Levels\novelty_level_7\type010704/Levels/00232_0_1_010704_7_4.xml,training,informed,novel,yes
34,1,,,,,,,,C:\Users\Cheng\Documents\novelty-benchmark-v2\BuildGames\BuildGames\LevelSet1\Science Birds_Data\StreamingAssets\Levels\novelty_level_0\type010405/Levels/00123_0_1_010405_0_5.xml,training,informed,basic,no
35,2,,,,,,,,C:\Users\Cheng\Documents\novelty-benchmark-v2\BuildGames\BuildGames\LevelSet1\Science Birds_Data\StreamingAssets\Levels\novelty_level_0\type010405/Levels/00311_0_1_010405_0_5.xml,training,informed,basic,no
36,3,,,,,,,,C:\Users\Cheng\Documents\novelty-benchmark-v2\BuildGames\BuildGames\LevelSet1\Science Birds_Data\StreamingAssets\Levels\novelty_level_0\type010405/Levels/00254_0_1_010405_0_5.xml,training,informed,basic,no
37,4,,,,,,,,C:\Users\Cheng\Documents\novelty-benchmark-v2\BuildGames\BuildGames\LevelSet1\Science Birds_Data\StreamingAssets\Levels\novelty_level_4\type010405/Levels/00167_0_1_010405_4_5.xml,training,informed,novel,no
38,5,,,,,,,,C:\Users\Cheng\Documents\novelty-benchmark-v2\BuildGames\BuildGames\LevelSet1\Science Birds_Data\StreamingAssets\Levels\novelty_level_4\type010405/Levels/00093_0_1_010405_4_5.xml,training,informed,novel,no
39,6,,,,,,,,C:\Users\Cheng\Documents\novelty-benchmark-v2\BuildGames\BuildGames\LevelSet1\Science Birds_Data\StreamingAssets\Levels\novelty_level_4\type010405/Levels/00097_0_1_010405_4_5.xml,training,informed,novel,no
40,7,,,,,,,,C:\Users\Cheng\Documents\novelty-benchmark-v2\BuildGames\BuildGames\LevelSet1\Science Birds_Data\StreamingAssets\Levels\novelty_level_4\type010405/Levels/00147_0_1_010405_4_5.xml,training,informed,novel,no
41,1,,,,,,,,C:\Users\Cheng\Documents\novelty-benchmark-v2\BuildGames\BuildGames\LevelSet1\Science Birds_Data\StreamingAssets\Levels\novelty_level_0\type010501/Levels/00294_0_1_010501_0_1.xml,training,informed,basic,no
42,2,,,,,,,,C:\Users\Cheng\Documents\novelty-benchmark-v2\BuildGames\BuildGames\LevelSet1\Science Birds_Data\StreamingAssets\Levels\novelty_level_0\type010501/Levels/00201_0_1_010501_0_1.xml,training,informed,basic,no
43,3,,,,,,,,C:\Users\Cheng\Documents\novelty-benchmark-v2\BuildGames\BuildGames\LevelSet1\Science Birds_Data\StreamingAssets\Levels\novelty_level_0\type010501/Levels/00107_0_1_010501_0_1.xml,training,informed,basic,no
44,4,,,,,,,,C:\Users\Cheng\Documents\novelty-benchmark-v2\BuildGames\BuildGames\LevelSet1\Science Birds_Data\StreamingAssets\Levels\novelty_level_0\type010501/Levels/00226_0_1_010501_0_1.xml,training,informed,basic,no
45,5,,,,,,,,C:\Users\Cheng\Documents\novelty-benchmark-v2\BuildGames\BuildGames\LevelSet1\Science Birds_Data\StreamingAssets\Levels\novelty_level_5\type010501/Levels/00156_0_1_010501_5_1.xml,training,informed,novel,yes
46,6,,,,,,,,C:\Users\Cheng\Documents\novelty-benchmark-v2\BuildGames\BuildGames\LevelSet1\Science Birds_Data\StreamingAssets\Levels\novelty_level_5\type010501/Levels/00113_0_1_010501_5_1.xml,training,informed,novel,yes
47,7,,,,,,,,C:\Users\Cheng\Documents\novelty-benchmark-v2\BuildGames\BuildGames\LevelSet1\Science Birds_Data\StreamingAssets\Levels\novelty_level_5\type010501/Levels/00270_0_1_010501_5_1.xml,training,informed,novel,yes
48,8,,,,,,,,C:\Users\Cheng\Documents\novelty-benchmark-v2\BuildGames\BuildGames\LevelSet1\Science Birds_Data\StreamingAssets\Levels\novelty_level_5\type010501/Levels/00023_0_1_010501_5_1.xml,training,informed,novel,yes
49,1,,,,,,,,C:\Users\Cheng\Documents\novelty-benchmark-v2\BuildGames\BuildGames\LevelSet1\Science Birds_Data\StreamingAssets\Levels\novelty_level_0\type010602/Levels/00191_0_1_010602_0_2.xml,training,informed,basic,no
50,2,,,,,,,,C:\Users\Cheng\Documents\novelty-benchmark-v2\BuildGames\BuildGames\LevelSet1\Science Birds_Data\StreamingAssets\Levels\novelty_level_0\type010602/Levels/00317_0_1_010602_0_2.xml,training,informed,basic,no
51,3,,,,,,,,C:\Users\Cheng\Documents\novelty-benchmark-v2\BuildGames\BuildGames\LevelSet1\Science Birds_Data\StreamingAssets\Levels\novelty_level_6\type010602/Levels/00221_0_1_010602_6_2.xml,training,informed,novel,yes
52,4,,,,,,,,C:\Users\Cheng\Documents\novelty-benchmark-v2\BuildGames\BuildGames\LevelSet1\Science Birds_Data\StreamingAssets\Levels\novelty_level_6\type010602/Levels/00061_0_1_010602_6_2.xml,training,informed,novel,yes
53,5,,,,,,,,C:\Users\Cheng\Documents\novelty-benchmark-v2\BuildGames\BuildGames\LevelSet1\Science Birds_Data\StreamingAssets\Levels\novelty_level_6\type010602/Levels/00321_0_1_010602_6_2.xml,training,informed,novel,yes
54,6,,,,,,,,C:\Users\Cheng\Documents\novelty-benchmark-v2\BuildGames\BuildGames\LevelSet1\Science Birds_Data\StreamingAssets\Levels\novelty_level_6\type010602/Levels/00274_0_1_010602_6_2.xml,training,informed,novel,yes
55,1,,,,,,,,C:\Users\Cheng\Documents\novelty-benchmark-v2\BuildGames\BuildGames\LevelSet1\Science Birds_Data\StreamingAssets\Levels\novelty_level_0\type010703/Levels/00303_0_1_010703_0_3.xml,training,informed,basic,no
56,2,,,,,,,,C:\Users\Cheng\Documents\novelty-benchmark-v2\BuildGames\BuildGames\LevelSet1\Science Birds_Data\StreamingAssets\Levels\novelty_level_0\type010703/Levels/00065_0_1_010703_0_3.xml,training,informed,basic,no
57,3,,,,,,,,C:\Users\Cheng\Documents\novelty-benchmark-v2\BuildGames\BuildGames\LevelSet1\Science Birds_Data\StreamingAssets\Levels\novelty_level_0\type010703/Levels/00178_0_1_010703_0_3.xml,training,informed,basic,no
58,4,,,,,,,,C:\Users\Cheng\Documents\novelty-benchmark-v2\BuildGames\BuildGames\LevelSet1\Science Birds_Data\StreamingAssets\Levels\novelty_level_7\type010703/Levels/00182_0_1_010703_7_3.xml,training,informed,novel,yes
59,5,,,,,,,,C:\Users\Cheng\Documents\novelty-benchmark-v2\BuildGames\BuildGames\LevelSet1\Science Birds_Data\StreamingAssets\Levels\novelty_level_7\type010703/Levels/00288_0_1_010703_7_3.xml,training,informed,novel,yes
60,6,,,,,,,,C:\Users\Cheng\Documents\novelty-benchmark-v2\BuildGames\BuildGames\LevelSet1\Science Birds_Data\StreamingAssets\Levels\novelty_level_7\type010703/Levels/00205_0_1_010703_7_3.xml,training,informed,novel,yes
61,7,,,,,,,,C:\Users\Cheng\Documents\novelty-benchmark-v2\BuildGames\BuildGames\LevelSet1\Science Birds_Data\StreamingAssets\Levels\novelty_level_7\type010703/Levels/00062_0_1_010703_7_3.xml,training,informed,novel,yes
62,1,,,,,,,,C:\Users\Cheng\Documents\novelty-benchmark-v2\BuildGames\BuildGames\LevelSet1\Science Birds_Data\StreamingAssets\Levels\novelty_level_0\type010805/Levels/00186_0_1_010805_0_5.xml,training,informed,basic,no
63,2,,,,,,,,C:\Users\Cheng\Documents\novelty-benchmark-v2\BuildGames\BuildGames\LevelSet1\Science Birds_Data\StreamingAssets\Levels\novelty_level_0\type010805/Levels/00126_0_1_010805_0_5.xml,training,informed,basic,no
64,3,,,,,,,,C:\Users\Cheng\Documents\novelty-benchmark-v2\BuildGames\BuildGames\LevelSet1\Science Birds_Data\StreamingAssets\Levels\novelty_level_0\type010805/Levels/00252_0_1_010805_0_5.xml,training,informed,basic,no
65,4,,,,,,,,C:\Users\Cheng\Documents\novelty-benchmark-v2\BuildGames\BuildGames\LevelSet1\Science Birds_Data\StreamingAssets\Levels\novelty_level_0\type010805/Levels/00126_0_1_010805_0_5.xml,training,informed,basic,no
66,5,,,,,,,,C:\Users\Cheng\Documents\novelty-benchmark-v2\BuildGames\BuildGames\LevelSet1\Science Birds_Data\StreamingAssets\Levels\novelty_level_8\type010805/Levels/00247_0_1_010805_8_5.xml,training,informed,novel,yes
67,6,,,,,,,,C:\Users\Cheng\Documents\novelty-benchmark-v2\BuildGames\BuildGames\LevelSet1\Science Birds_Data\StreamingAssets\Levels\novelty_level_8\type010805/Levels/00147_0_1_010805_8_5.xml,training,informed,novel,yes
68,7,,,,,,,,C:\Users\Cheng\Documents\novelty-benchmark-v2\BuildGames\BuildGames\LevelSet1\Science Birds_Data\StreamingAssets\Levels\novelty_level_8\type010805/Levels/00318_0_1_010805_8_5.xml,training,informed,novel,yes
69,8,,,,,,,,C:\Users\Cheng\Documents\novelty-benchmark-v2\BuildGames\BuildGames\LevelSet1\Science Birds_Data\StreamingAssets\Levels\novelty_level_8\type010805/Levels/00198_0_1_010805_8_5.xml,training,informed,novel,yes
