<?xml version="1.0" encoding="utf-16"?>
<config_generation>
  <novelty_detection_measurement step="1" measure_in_training="true" measure_in_testing="true" />
  <trials>
    <trial notify_novelty="both">
      <count>1</count>
      <repeats>1</repeats>
      <checkpoint>
        <limit type="time">200</limit>
        <limit type="interaction">200</limit>
      </checkpoint>
      <training>
        <limits>
          <limit type="time">180</limit>
          <limit type="interaction">60000</limit>
          <limit type="attempt_per_level">1</limit>
          <limit type="allow_level_selection">false</limit>
        </limits>
        <game_level_sets>
          <game_level_set novelty_level="1" novelty_type="010101" amount="10" />                    
          <game_level_set novelty_level="1" novelty_type="010102" amount="10" />                    
          <game_level_set novelty_level="1" novelty_type="010103" amount="10" />                    
          <game_level_set novelty_level="1" novelty_type="010104" amount="10" />                    
          <game_level_set novelty_level="1" novelty_type="010105" amount="10" />                    
        </game_level_sets>
      </training>
      <test ordered="true">
        <game_level_sets></game_level_sets>
      </test>
    </trial>
   
        
  </trials>
</config_generation>
