<?xml version="1.0" encoding="utf-16"?>
<config_generation>
  <novelty_detection_measurement step="1" measure_in_training="true" measure_in_testing="true" />
  <trials>
    <trial notify_novelty="both">
      <count>1</count>
      <repeats>1</repeats>
      <checkpoint>
        <limit type="time">200</limit>
        <limit type="interaction">200</limit>
      </checkpoint>
      <training>
        <limits>
          <limit type="time">180</limit>
          <limit type="interaction">60000</limit>
          <limit type="attempt_per_level">1</limit>
          <limit type="allow_level_selection">false</limit>
        </limits>
        <game_level_sets>
          <game_level_set novelty_level="0" novelty_type="22" amount="5" />                    
          <game_level_set novelty_level="22" novelty_type="1" amount="5" />
          <game_level_set novelty_level="0" novelty_type="23" amount="5" />
          <game_level_set novelty_level="23" novelty_type="1" amount="5" />
          <game_level_set novelty_level="0" novelty_type="24" amount="5" />
          <game_level_set novelty_level="24" novelty_type="1" amount="5" />
          <game_level_set novelty_level="0" novelty_type="25" amount="5" />
          <game_level_set novelty_level="25" novelty_type="1" amount="5" />
          <game_level_set novelty_level="0" novelty_type="4" amount="5" />
          <game_level_set novelty_level="0" novelty_type="5" amount="5" />
          <game_level_set novelty_level="0" novelty_type="6" amount="5" />
          <game_level_set novelty_level="0" novelty_type="7" amount="5" />
        </game_level_sets>
      </training>
      <test ordered="true">
        <game_level_sets></game_level_sets>
      </test>
    </trial>
    <trial notify_novelty="both">
      <count>1</count>
      <repeats>1</repeats>
      <checkpoint>
        <limit type="time">200</limit>
        <limit type="interaction">200</limit>
      </checkpoint>
      <training>
        <limits>
          <limit type="time">180</limit>
          <limit type="interaction">60000</limit>
          <limit type="attempt_per_level">1</limit>
          <limit type="allow_level_selection">false</limit>
        </limits>
        <game_level_sets>
          <game_level_set novelty_level="0" novelty_type="4" amount="20" />
        </game_level_sets>
      </training>
      <test ordered="true">
        <game_level_sets></game_level_sets>
      </test>
    </trial>
    <trial notify_novelty="both">
      <count>1</count>
      <repeats>1</repeats>
      <checkpoint>
        <limit type="time">200</limit>
        <limit type="interaction">200</limit>
      </checkpoint>
      <training>
        <limits>
          <limit type="time">180</limit>
          <limit type="interaction">60000</limit>
          <limit type="attempt_per_level">1</limit>
          <limit type="allow_level_selection">false</limit>
        </limits>
        <game_level_sets>
          <game_level_set novelty_level="0" novelty_type="5" amount="20" />
        </game_level_sets>
      </training>
      <test ordered="true">
        <game_level_sets></game_level_sets>
      </test>
    </trial>
    <trial notify_novelty="both">
      <count>1</count>
      <repeats>1</repeats>
      <checkpoint>
        <limit type="time">200</limit>
        <limit type="interaction">200</limit>
      </checkpoint>
      <training>
        <limits>
          <limit type="time">180</limit>
          <limit type="interaction">60000</limit>
          <limit type="attempt_per_level">1</limit>
          <limit type="allow_level_selection">false</limit>
        </limits>
        <game_level_sets>
          <game_level_set novelty_level="0" novelty_type="6" amount="20" />
        </game_level_sets>
      </training>
      <test ordered="true">
        <game_level_sets></game_level_sets>
      </test>
    </trial>
    <trial notify_novelty="both">
      <count>1</count>
      <repeats>1</repeats>
      <checkpoint>
        <limit type="time">200</limit>
        <limit type="interaction">200</limit>
      </checkpoint>
      <training>
        <limits>
          <limit type="time">180</limit>
          <limit type="interaction">60000</limit>
          <limit type="attempt_per_level">1</limit>
          <limit type="allow_level_selection">false</limit>
        </limits>
        <game_level_sets>
          <game_level_set novelty_level="0" novelty_type="7" amount="20" />
        </game_level_sets>
      </training>
      <test ordered="true">
        <game_level_sets></game_level_sets>
      </test>
    </trial>
    <trial notify_novelty="both">
      <count>1</count>
      <repeats>1</repeats>
      <checkpoint>
        <limit type="time">200</limit>
        <limit type="interaction">200</limit>
      </checkpoint>
      <training>
        <limits>
          <limit type="time">180</limit>
          <limit type="interaction">60000</limit>
          <limit type="attempt_per_level">1</limit>
          <limit type="allow_level_selection">false</limit>
        </limits>
        <game_level_sets>
          <game_level_set novelty_level="22" novelty_type="1" amount="20" />
        </game_level_sets>
      </training>
      <test ordered="true">
        <game_level_sets></game_level_sets>
      </test>
    </trial>
    <trial notify_novelty="both">
      <count>1</count>
      <repeats>1</repeats>
      <checkpoint>
        <limit type="time">200</limit>
        <limit type="interaction">200</limit>
      </checkpoint>
      <training>
        <limits>
          <limit type="time">180</limit>
          <limit type="interaction">60000</limit>
          <limit type="attempt_per_level">1</limit>
          <limit type="allow_level_selection">false</limit>
        </limits>
        <game_level_sets>
          <game_level_set novelty_level="23" novelty_type="1" amount="20" />
        </game_level_sets>
      </training>
      <test ordered="true">
        <game_level_sets></game_level_sets>
      </test>
    </trial>
    <trial notify_novelty="both">
      <count>1</count>
      <repeats>1</repeats>
      <checkpoint>
        <limit type="time">200</limit>
        <limit type="interaction">200</limit>
      </checkpoint>
      <training>
        <limits>
          <limit type="time">180</limit>
          <limit type="interaction">60000</limit>
          <limit type="attempt_per_level">1</limit>
          <limit type="allow_level_selection">false</limit>
        </limits>
        <game_level_sets>
          <game_level_set novelty_level="24" novelty_type="1" amount="20" />
        </game_level_sets>
      </training>
      <test ordered="true">
        <game_level_sets></game_level_sets>
      </test>
    </trial>
    <trial notify_novelty="both">
      <count>1</count>
      <repeats>1</repeats>
      <checkpoint>
        <limit type="time">200</limit>
        <limit type="interaction">200</limit>
      </checkpoint>
      <training>
        <limits>
          <limit type="time">180</limit>
          <limit type="interaction">60000</limit>
          <limit type="attempt_per_level">1</limit>
          <limit type="allow_level_selection">false</limit>
        </limits>
        <game_level_sets>
          <game_level_set novelty_level="25" novelty_type="1" amount="20" />
        </game_level_sets>
      </training>
      <test ordered="true">
        <game_level_sets></game_level_sets>
      </test>
    </trial>
        
  </trials>
</config_generation>
